galaxy,radius_kpc,v_obs_kms,e_vobs_kms,v_gas_kms,v_disk_kms,v_bulge_kms,v_baryon_kms
CamB,0.16,1.99,1.5,1.86,3.75,0.0,4.185940754478018
CamB,0.41,4.84,1.5,4.24,9.47,0.0,10.375861410022784
CamB,0.57,6.79,1.5,5.61,11.76,0.0,13.029570215475259
CamB,0.73,8.87,1.5,6.77,13.72,0.0,15.299388876683931
CamB,0.9,10.9,1.5,7.77,14.8,0.0,16.715648357153245
CamB,1.06,12.9,1.5,8.44,15.24,0.0,17.420998823259247
CamB,1.22,14.7,1.5,8.64,15.11,0.0,17.405795012006777
CamB,1.47,16.8,1.5,8.08,15.9,0.0,17.835257217096704
CamB,1.79,20.1,1.5,6.91,14.91,0.0,16.433386747715762
D512-2,0.96,22.9,2.71,4.08,14.85,0.0,15.400288958328021
D512-2,1.92,33.5,2.71,6.24,21.2,0.0,22.099266956168478
D512-2,2.88,37.2,4.19,7.45,20.56,0.0,21.86815264259878
D512-2,3.83,35.9,5.98,8.09,20.08,0.0,21.64842950423887
D564-8,0.51,8.54,1.53,3.47,6.36,0.0,7.245032781154272
D564-8,1.02,15.1,1.41,5.33,8.66,0.0,10.168800322555262
D564-8,1.53,19.8,1.8,6.34,9.09,0.0,11.082585438425458
D564-8,2.04,21.9,1.82,6.86,8.75,0.0,11.118547567016117
D564-8,2.56,24.0,1.89,7.05,8.17,0.0,10.791264986089443
D564-8,3.07,25.0,2.05,7.04,7.65,0.0,10.39635032114636
D631-7,0.45,8.41,1.58,8.4,9.99,0.0,13.052206709978202
D631-7,0.9,17.8,2.22,13.51,15.52,0.0,20.57645499108143
D631-7,1.35,26.0,2.35,16.7,20.76,0.0,26.643340631384795
D631-7,1.8,30.9,2.22,18.72,21.37,0.0,28.40977472631559
D631-7,2.25,34.7,1.82,19.9,19.92,0.0,28.156995578363823
D631-7,2.69,38.8,1.81,20.61,18.76,0.0,27.869512015821158
D631-7,3.14,42.5,1.57,20.73,17.36,0.0,27.03890715247197
D631-7,3.59,45.6,1.59,20.61,16.32,0.0,26.289056658617476
D631-7,4.04,48.8,1.83,20.38,15.37,0.0,25.52609057415569
D631-7,4.49,51.8,1.91,19.9,14.49,0.0,24.616459940454476
D631-7,4.94,54.8,2.19,19.43,13.72,0.0,23.785779364990336
D631-7,5.39,56.6,2.73,18.84,13.04,0.0,22.912599154177162
D631-7,5.84,58.4,3.27,18.25,12.45,0.0,22.092193191261025
D631-7,6.29,58.5,3.95,17.65,11.93,0.0,21.303694515271285
D631-7,6.74,57.7,4.07,17.06,11.48,0.0,20.562927807099843
D631-7,7.19,57.3,3.94,16.47,11.08,0.0,19.850120906432785
DDO064,0.1,6.29,4.62,-1.13,1.96,0.0,2.262410219213129
DDO064,0.3,13.9,4.62,-2.45,6.31,0.0,6.768943787622999
DDO064,0.49,15.6,4.62,-0.64,9.67,0.0,9.691155761827378
DDO064,0.69,18.4,4.62,2.49,13.92,0.0,14.140951170271396
DDO064,0.89,22.5,4.62,1.87,15.16,0.0,15.274897708331798
DDO064,1.09,26.5,4.62,4.97,16.41,0.0,17.146107429967888
DDO064,1.29,35.3,4.62,9.29,17.34,0.0,19.671799612643476
DDO064,1.48,40.5,4.62,13.62,18.34,0.0,22.844255295369116
DDO064,1.68,44.2,4.89,16.26,19.12,0.0,25.09904380648793
DDO064,1.88,46.3,4.62,18.16,19.54,0.0,26.6757792763398
DDO064,2.08,46.4,4.62,19.64,19.1,0.0,27.395977806970134
DDO064,2.27,46.3,4.62,20.17,18.77,0.0,27.55252801468497
DDO064,2.37,46.4,6.73,20.59,18.61,0.0,27.75392224533318
DDO064,2.98,46.9,8.65,22.17,17.21,0.0,28.065868951450625
DDO154,0.49,13.8,1.6,3.74,12.31,0.0,12.865601423952167
DDO154,0.99,21.6,0.8,7.46,14.55,0.0,16.350966332299752
DDO154,1.48,28.9,0.7,10.87,12.95,0.0,16.907377088123397
DDO154,1.97,34.3,0.5,13.32,11.54,0.0,17.623677255328978
DDO154,2.47,38.2,0.4,14.77,10.18,0.0,17.938375065763342
DDO154,2.96,42.0,0.2,16.2,9.16,0.0,18.61036270468687
DDO154,3.46,44.6,0.2,17.6,8.37,0.0,19.48889170784219
DDO154,3.95,46.3,0.2,17.91,7.77,0.0,19.522832786253126
DDO154,4.44,47.4,0.3,17.48,7.29,0.0,18.93923176900267
DDO154,4.94,48.2,0.6,16.93,6.89,0.0,18.278320491773854
DDO154,5.43,47.4,0.7,16.28,6.55,0.0,17.548244926487662
DDO154,5.92,45.5,1.3,15.64,6.26,0.0,16.8462814888034
DDO161,0.6,16.0,3.53,6.82,12.59,0.0,14.318536936433135
DDO161,0.73,16.6,4.83,8.12,14.22,0.0,16.375066412079065
DDO161,0.85,18.6,2.5,9.3,15.27,0.0,17.879119105817267
DDO161,0.98,20.0,7.58,10.41,17.04,0.0,19.968217246414362
DDO161,1.07,21.4,4.03,11.27,18.03,0.0,21.26249750146958
DDO161,1.54,28.9,2.74,15.22,22.44,0.0,27.1146086086449
DDO161,2.02,32.9,2.65,18.74,24.92,0.0,31.18002565746218
DDO161,2.49,35.2,2.88,21.52,25.85,0.0,33.63529247680181
DDO161,2.96,37.6,3.05,23.28,26.01,0.0,34.90671138907245
DDO161,3.43,40.6,3.68,24.59,25.36,0.0,35.32418010371932
DDO161,3.9,42.7,3.25,25.62,25.01,0.0,35.80341464162322
DDO161,4.37,45.5,2.99,26.35,24.48,0.0,35.96655251758222
DDO161,4.86,48.9,1.96,27.08,23.7,0.0,35.986336295877635
DDO161,5.34,51.5,1.53,27.81,22.69,0.0,35.891951744088814
DDO161,5.81,53.0,1.86,28.4,21.59,0.0,35.67475437897225
DDO161,6.28,55.0,1.48,28.98,20.86,0.0,35.70686208559918
DDO161,6.75,57.6,0.99,29.57,20.11,0.0,35.760271251767655
DDO161,7.22,59.7,1.19,30.3,19.38,0.0,35.96768549684563
DDO161,7.69,60.5,1.26,31.18,18.7,0.0,36.35770069737634
DDO161,8.16,61.8,1.33,32.06,18.06,0.0,36.796836820574676
DDO161,8.64,62.9,1.35,32.64,17.47,0.0,37.021216889778216
DDO161,9.11,63.0,2.09,33.23,16.94,0.0,37.29874662773536
DDO161,9.58,64.5,2.38,33.38,16.44,0.0,37.20884303495609
DDO161,10.05,65.6,1.08,33.38,15.98,0.0,37.007901858927376
DDO161,10.52,67.5,3.22,32.79,15.57,0.0,36.29888428037424
DDO161,10.99,66.8,2.37,32.06,15.18,0.0,35.472186287287116
DDO161,11.46,66.8,0.95,31.18,14.81,0.0,34.518524012477705
DDO161,11.94,66.6,0.96,30.3,14.47,0.0,33.57783346197309
DDO161,12.41,66.8,0.99,29.42,14.16,0.0,32.650298620380184
DDO161,12.9,66.3,0.74,28.69,13.86,0.0,31.86244968611171
DDO161,13.37,66.1,1.31,27.81,13.59,0.0,30.952935240458213
DDO168,0.41,15.0,4.1,10.41,8.28,0.0,13.301372109673498
DDO168,0.82,23.4,1.3,18.08,12.66,0.0,22.071746645881923
DDO168,1.24,29.2,1.5,20.09,15.11,0.0,25.138022993067693
DDO168,1.64,36.2,1.1,20.2,15.99,0.0,25.762765767673315
DDO168,2.06,44.0,1.1,22.0,16.89,0.0,27.735754902291735
DDO168,2.47,52.1,1.2,22.63,17.03,0.0,28.32203735609428
DDO168,2.89,52.9,1.7,22.95,16.99,0.0,28.554554803043242
DDO168,3.3,54.8,2.2,22.74,17.19,0.0,28.506204587773517
DDO168,3.71,55.0,2.5,22.74,17.16,0.0,28.488123841348344
DDO168,4.12,52.0,2.7,22.74,16.37,0.0,28.01935937882949
DDO170,1.87,27.7,3.0,8.68,18.19,0.0,20.154862936770375
DDO170,3.36,42.4,1.5,15.07,19.75,0.0,24.84285410334328
DDO170,4.86,52.5,1.0,20.59,19.94,0.0,28.66272317837229
DDO170,6.35,55.6,1.0,24.61,19.17,0.0,31.195207965326983
DDO170,7.85,58.6,1.1,26.94,18.71,0.0,32.79981249946408
DDO170,9.34,59.0,1.2,27.6,17.41,0.0,32.63231680405178
DDO170,10.83,60.0,1.3,26.77,16.05,0.0,31.212744192076414
DDO170,12.33,62.2,1.0,24.9,15.01,0.0,29.074217100379503
ESO079-G014,0.41,33.2,11.6,2.21,28.95,0.0,29.034231520741166
ESO079-G014,0.98,50.4,11.8,4.41,47.6,0.0,47.803850263341765
ESO079-G014,1.78,53.9,9.75,6.75,62.09,0.0,62.455829191517424
ESO079-G014,2.69,67.6,5.1,8.55,75.48,0.0,75.96270729772604
ESO079-G014,3.36,81.7,5.06,9.18,82.21,0.0,82.7209556279423
ESO079-G014,4.39,102.0,5.35,9.29,86.87,0.0,87.36533065238179
ESO079-G014,5.65,116.0,6.44,9.5,92.23,0.0,92.71797506416974
ESO079-G014,6.34,132.0,9.1,10.22,96.19,0.0,96.73140389759676
ESO079-G014,6.89,137.0,5.25,11.87,100.53,0.0,101.22834484471234
ESO079-G014,8.34,154.0,4.2,17.23,113.81,0.0,115.10685904845114
ESO079-G014,10.04,163.0,3.28,24.23,128.72,0.0,130.9806523880531
ESO079-G014,11.65,170.0,2.41,30.75,133.41,0.0,136.90796397580382
ESO079-G014,13.36,175.0,2.18,36.2,132.99,0.0,137.8288072211321
ESO079-G014,15.06,177.0,2.23,39.42,128.51,0.0,134.42007476563907
ESO079-G014,16.67,178.0,2.03,40.49,124.23,0.0,130.66190339957552
ESO116-G012,0.25,20.9,3.4,-0.22,17.33,0.0,17.33139636613276
ESO116-G012,0.83,40.0,3.29,-1.8,34.96,0.0,35.00630800298712
ESO116-G012,1.38,51.5,2.96,-1.55,51.34,0.0,51.36339260601854
ESO116-G012,1.85,67.9,3.45,5.01,61.73,0.0,61.93297183245771
ESO116-G012,2.68,80.2,2.93,12.54,60.49,0.0,61.776141834854016
ESO116-G012,3.19,83.3,3.08,16.68,63.17,0.0,65.33506944972203
ESO116-G012,3.68,91.4,2.83,20.19,65.14,0.0,68.19718249312064
ESO116-G012,4.13,102.0,5.4,22.31,66.32,0.0,69.97198367918405
ESO116-G012,5.23,105.0,4.21,25.63,64.52,0.0,69.42425584765024
ESO116-G012,6.05,109.0,2.1,27.28,60.09,0.0,65.99247305564477
ESO116-G012,6.81,108.0,2.1,28.58,55.74,0.0,62.639955300111765
ESO116-G012,7.56,109.0,2.1,30.7,53.61,0.0,61.778006604292436
ESO116-G012,8.32,110.0,2.1,33.83,51.18,0.0,61.35031621760397
ESO116-G012,9.09,111.0,2.33,35.49,49.08,0.0,60.56720647347044
ESO116-G012,9.86,112.0,4.74,33.74,46.34,0.0,57.32175154337139
ESO444-G084,0.26,18.3,1.8,4.59,8.31,0.0,9.493376638478008
ESO444-G084,0.77,35.3,3.0,11.55,14.79,0.0,18.765569535721532
ESO444-G084,1.29,47.8,4.63,16.45,14.54,0.0,21.954819516452417
ESO444-G084,1.81,52.8,1.26,19.03,13.66,0.0,23.4251253998778
ESO444-G084,2.32,58.0,3.11,20.09,12.28,0.0,23.545838273461406
ESO444-G084,3.39,63.1,1.35,17.39,9.97,0.0,20.045273757172787
ESO444-G084,4.44,62.7,7.36,14.45,8.53,0.0,16.779851012449424
ESO563-G021,0.45,18.9,9.78,0.0,65.19,0.0,65.19
ESO563-G021,1.34,58.3,10.5,0.0,120.17,0.0,120.17
ESO563-G021,2.23,74.1,5.69,0.0,137.48,0.0,137.48
ESO563-G021,3.12,119.0,4.27,0.0,146.18,0.0,146.18
ESO563-G021,4.01,141.0,3.76,0.0,157.86,0.0,157.86
ESO563-G021,4.9,195.0,4.54,0.0,175.79,0.0,175.79
ESO563-G021,5.79,227.0,4.2,0.0,199.19,0.0,199.19
ESO563-G021,6.69,246.0,4.24,0.0,217.87,0.0,217.87
ESO563-G021,7.58,268.0,5.56,0.0,228.65,0.0,228.65
ESO563-G021,8.47,283.0,2.96,0.0,241.76,0.0,241.76
ESO563-G021,10.23,291.0,9.81,0.0,260.94,0.0,260.94
ESO563-G021,12.06,310.0,4.74,0.04,275.04,0.0,275.0400029086679
ESO563-G021,13.44,310.0,20.4,0.4,277.98,0.0,277.98028779033956
ESO563-G021,15.18,310.0,16.1,3.11,282.25,0.0,282.2671334038024
ESO563-G021,16.83,314.0,13.5,15.18,283.33,0.0,283.7363587910439
ESO563-G021,18.56,317.0,12.7,22.91,276.47,0.0,277.4176075882712
ESO563-G021,20.3,319.0,10.4,33.06,272.19,0.0,274.1903712751416
ESO563-G021,21.94,318.0,10.8,33.62,273.0,0.0,275.0623645648383
ESO563-G021,23.68,317.0,9.3,39.67,271.34,0.0,274.2245512349323
ESO563-G021,25.41,317.0,7.23,44.98,261.62,0.0,265.4585180400132
ESO563-G021,27.06,312.0,8.39,46.29,252.97,0.0,257.17034238029856
ESO563-G021,28.8,312.0,8.37,43.21,243.84,0.0,247.63895028851982
ESO563-G021,30.53,311.0,11.5,45.08,233.85,0.0,238.15547211853016
ESO563-G021,32.18,310.0,14.5,52.43,224.75,0.0,230.78446091537447
ESO563-G021,33.91,313.0,15.9,59.7,216.21,0.0,224.30081163473304
ESO563-G021,35.65,320.0,8.83,61.56,208.83,0.0,217.71449767987434
ESO563-G021,37.3,321.0,7.88,63.33,202.65,0.0,212.31512287164097
ESO563-G021,39.03,320.0,8.0,62.96,196.77,0.0,206.59717931278735
ESO563-G021,40.76,315.0,9.82,62.4,191.39,0.0,201.30546962266078
ESO563-G021,42.41,312.0,9.07,62.21,186.89,0.0,196.97196805637088
F561-1,1.61,23.4,10.0,5.21,28.61,0.0,29.080512375128468
F561-1,3.23,40.6,5.0,10.57,37.58,0.0,39.03820308364615
F561-1,4.84,45.5,5.0,15.71,39.1,0.0,42.138036261790845
F561-1,6.45,49.2,5.0,20.94,44.01,0.0,48.7377030644654
F561-1,8.06,50.4,5.0,25.97,48.52,0.0,55.03300191703157
F561-1,9.66,50.4,5.0,29.26,49.44,0.0,57.449640555881636
F563-1,1.07,22.1,7.17,1.98,18.3,0.0,18.40680309016207
F563-1,1.78,42.7,10.66,4.03,24.51,0.0,24.83910223820499
F563-1,2.49,60.6,7.69,6.25,27.45,0.0,28.152530969701463
F563-1,2.97,76.8,11.1,7.78,28.28,0.0,29.33064608903118
F563-1,3.04,81.6,17.5,8.01,28.2,0.0,29.315526602808962
F563-1,3.19,87.0,8.93,8.49,28.16,0.0,29.411999252005973
F563-1,6.95,90.0,24.8,17.83,29.57,0.0,34.52960758537519
F563-1,8.58,97.8,9.4,22.83,29.09,0.0,36.978872346246575
F563-1,9.26,93.7,25.3,24.91,28.73,0.0,38.02526791490101
F563-1,9.89,103.0,23.8,26.69,28.7,0.0,39.19242401281146
F563-1,10.08,97.4,11.0,27.31,28.73,0.0,39.63898333711398
F563-1,11.84,106.5,9.48,30.86,27.77,0.0,41.515208056807325
F563-1,14.56,112.0,11.0,30.44,25.73,0.0,39.8575776986008
F563-1,15.43,111.5,9.4,30.7,25.11,0.0,39.661090504422596
F563-1,17.93,111.0,24.3,33.36,23.48,0.0,40.794607486774524
F563-1,19.02,112.5,7.75,34.35,22.95,0.0,41.311318061761234
F563-1,20.1,106.0,10.7,35.34,22.07,0.0,41.6653393121909
F563-V1,1.31,12.0,5.0,4.66,11.06,0.0,12.001633222191055
F563-V1,2.63,21.7,5.0,9.66,16.85,0.0,19.422618258103103
F563-V1,3.93,28.6,5.0,13.79,23.41,0.0,27.16969267400719
F563-V1,5.24,29.5,5.0,16.46,24.18,0.0,29.250709393107034
F563-V1,6.55,28.6,5.0,18.52,23.59,0.0,29.991307073883924
F563-V1,7.87,27.3,5.0,20.17,23.33,0.0,30.840197794437053
F563-V2,0.28,11.9,7.89,0.95,6.22,0.0,6.2921300050142
F563-V2,0.87,34.8,7.89,2.93,17.64,0.0,17.881680569789854
F563-V2,1.46,58.5,8.68,4.98,27.33,0.0,27.78001619869938
F563-V2,2.05,81.5,14.2,7.2,35.16,0.0,35.88963081448456
F563-V2,2.35,91.8,17.5,8.24,37.71,0.0,38.599762952640006
F563-V2,4.76,114.0,8.68,16.62,45.06,0.0,48.02736719829643
F563-V2,7.86,116.0,8.68,34.33,41.16,0.0,53.59752326367329
F563-V2,8.7,117.0,16.6,39.57,40.09,0.0,56.32932628746771
F563-V2,10.18,118.0,51.9,39.57,38.11,0.0,54.93775568768714
F563-V2,10.47,118.0,40.3,39.57,37.78,0.0,54.70935294810203
F565-V2,1.26,21.7,10.0,5.7,11.4,0.0,12.745587471748802
F565-V2,2.51,40.3,10.0,10.7,17.23,0.0,20.2820832263355
F565-V2,3.78,57.7,7.0,14.75,19.15,0.0,24.17198791990431
F565-V2,5.03,68.5,7.0,18.18,18.51,0.0,25.94479716629136
F565-V2,6.29,73.5,7.0,21.5,20.41,0.0,29.644866334662396
F565-V2,7.54,78.5,5.0,24.72,20.52,0.0,32.127072695781045
F565-V2,8.8,83.1,6.0,27.11,18.68,0.0,32.922553060174415
F567-2,1.92,26.9,8.0,-8.25,24.52,0.0,25.87069577726892
F567-2,3.83,46.8,5.0,-11.91,32.41,0.0,34.52906312079724
F567-2,5.75,47.6,5.0,-2.02,32.86,0.0,32.922029099069825
F567-2,7.67,48.1,8.0,17.45,32.97,0.0,37.30312855512256
F567-2,9.59,52.2,10.0,24.22,33.05,0.0,40.974515250335784
F568-1,0.44,15.7,9.1,-2.08,12.26,0.0,12.435191996909417
F568-1,1.32,44.5,9.1,-5.39,28.49,0.0,28.995382390994603
F568-1,2.2,69.4,9.1,-6.26,35.84,0.0,36.38259473979282
F568-1,3.08,90.0,11.4,-3.53,40.15,0.0,40.30488059776384
F568-1,3.96,105.0,9.88,1.83,41.23,0.0,41.270592435776834
F568-1,4.84,113.0,16.2,8.4,42.44,0.0,43.26330546779799
F568-1,5.53,117.0,24.8,13.64,43.19,0.0,45.29266717692832
F568-1,7.48,124.0,9.1,27.27,47.2,0.0,54.511401559673736
F568-1,8.37,127.0,9.1,32.13,48.6,0.0,58.26059474464709
F568-1,9.24,130.0,9.1,36.26,48.96,0.0,60.92511140736634
F568-1,10.13,133.0,9.1,39.77,48.92,0.0,63.04616800409046
F568-1,13.23,142.0,23.8,47.41,49.96,0.0,68.87459400969271
F568-3,0.64,12.4,8.6,1.18,13.56,0.0,13.611245350811954
F568-3,1.18,21.9,6.2,1.55,21.17,0.0,21.226667190117247
F568-3,1.8,32.3,1.88,1.6,27.72,0.0,27.76613765002255
F568-3,2.03,37.9,6.2,1.54,29.76,0.0,29.79981879139536
F568-3,2.78,53.1,9.5,1.46,36.4,0.0,36.42926845271532
F568-3,3.0,62.4,11.0,1.62,38.08,0.0,38.11444345651658
F568-3,3.64,68.0,6.2,2.96,42.4,0.0,42.50319517401015
F568-3,4.19,78.0,7.98,5.28,45.43,0.0,45.735798888835426
F568-3,4.6,82.3,6.2,6.86,46.43,0.0,46.93404414707942
F568-3,5.14,85.7,6.3,8.92,47.19,0.0,48.025644191410905
F568-3,5.39,85.5,6.51,9.95,47.91,0.0,48.93230630166536
F568-3,6.31,89.5,15.6,14.48,50.48,0.0,52.515719551387654
F568-3,9.1,95.2,15.5,26.69,51.31,0.0,57.83659913929933
F568-3,10.17,97.5,6.2,29.9,52.01,0.0,59.992083644427616
F568-3,11.99,101.0,10.2,33.72,51.6,0.0,61.64088253748481
F568-3,14.02,107.0,10.7,36.41,50.13,0.0,61.95728367189769
F568-3,15.94,117.0,11.7,38.69,49.27,0.0,62.64542281763289
F568-3,17.98,120.0,12.0,39.0,48.97,0.0,62.60240330849927
F568-V1,0.39,17.4,30.4,-1.11,12.25,0.0,12.30018699044856
F568-V1,1.18,46.3,37.1,-2.76,28.99,0.0,29.12108686158537
F568-V1,1.95,69.1,13.1,-2.63,34.78,0.0,34.879296151155344
F568-V1,2.74,85.2,6.2,-0.03,37.08,0.0,37.08001213592034
F568-V1,3.53,93.2,6.2,3.84,41.2,0.0,41.37856449902534
F568-V1,4.3,100.0,12.4,7.34,44.37,0.0,44.97301968958722
F568-V1,5.09,108.0,6.2,9.92,45.35,0.0,46.422288827674144
F568-V1,5.87,112.0,6.2,12.15,44.94,0.0,46.55347570267981
F568-V1,6.4,113.0,24.9,13.65,45.12,0.0,47.139547091587545
F568-V1,7.44,113.0,15.5,17.06,45.76,0.0,48.83667883875806
F568-V1,8.21,112.0,13.1,19.87,46.01,0.0,50.11723256525644
F568-V1,9.0,111.0,26.4,22.99,44.52,0.0,50.10559350012731
F568-V1,9.72,111.0,19.4,26.1,43.69,0.0,50.89229902450861
F568-V1,11.79,113.0,12.5,34.23,40.77,0.0,53.23425400998872
F568-V1,17.63,118.0,14.6,36.03,33.12,0.0,48.939710869599544
F571-8,0.22,12.4,7.0,0.92,38.29,0.0,38.3010508994205
F571-8,0.78,37.5,4.0,2.67,85.69,0.0,85.73158694436958
F571-8,1.33,56.5,4.0,3.9,104.0,0.0,104.07309931005226
F571-8,2.33,69.1,4.0,5.34,114.45,0.0,114.57450894505287
F571-8,3.44,85.5,7.5,7.09,107.32,0.0,107.55394228014146
F571-8,3.78,87.1,8.4,7.29,103.7,0.0,103.95592383313227
F571-8,4.77,105.0,4.0,8.42,92.03,0.0,92.41437821031963
F571-8,5.44,112.0,6.7,8.94,86.43,0.0,86.89113015722607
F571-8,6.11,116.0,4.0,9.45,81.42,0.0,81.96657184486857
F571-8,7.22,124.0,4.0,10.47,76.23,0.0,76.94565484808093
F571-8,9.33,135.0,4.0,11.28,68.45,0.0,69.3732001568329
F571-8,11.1,140.0,4.0,11.8,64.24,0.0,65.31475790355499
F571-8,15.55,144.0,5.0,11.28,55.43,0.0,56.566096736472815
F571-V1,1.95,32.0,10.0,7.85,23.82,0.0,25.080169457162764
F571-V1,3.88,57.6,10.0,15.1,35.57,0.0,38.64239769993575
F571-V1,5.83,70.9,7.0,20.84,33.21,0.0,39.20726590824716
F571-V1,7.78,77.0,6.0,25.68,32.58,0.0,41.48395834536526
F571-V1,9.72,82.5,6.0,29.5,31.97,0.0,43.500929875118764
F571-V1,11.66,84.3,6.0,30.81,29.08,0.0,42.36628966525154
F571-V1,13.59,83.9,6.0,28.8,26.58,0.0,39.191024482654186
F574-1,0.47,15.3,4.4,0.25,12.99,0.0,12.992405473968244
F574-1,1.41,41.0,4.36,0.88,32.88,0.0,32.891774047624736
F574-1,2.35,60.7,4.4,1.88,41.13,0.0,41.172943785937875
F574-1,3.29,74.9,4.4,3.41,42.43,0.0,42.566806316659466
F574-1,4.22,83.0,6.28,5.43,44.37,0.0,44.701026833843535
F574-1,5.17,86.8,4.4,7.8,46.69,0.0,47.33704785894448
F574-1,6.11,89.4,4.4,10.44,48.85,0.0,49.95313904050475
F574-1,7.05,92.5,4.4,13.15,49.34,0.0,51.06229626642343
F574-1,7.99,94.7,4.4,16.07,50.15,0.0,52.661821085108706
F574-1,8.92,96.3,4.4,18.98,49.17,0.0,52.706065115885856
F574-1,9.87,97.8,4.4,21.99,49.76,0.0,54.40236851461524
F574-1,10.79,98.8,4.62,25.0,50.33,0.0,56.197054193258204
F574-1,11.8,99.5,4.4,27.82,50.68,0.0,57.813621232370494
F574-1,12.6,99.7,5.14,30.02,50.19,0.0,58.48278806623364
F574-2,2.17,12.6,10.0,-8.64,21.61,0.0,23.27319703006014
F574-2,4.32,23.0,10.0,-7.74,27.24,0.0,28.318283846306787
F574-2,6.49,30.0,8.0,15.6,34.0,0.0,37.4080205303622
F574-2,8.65,36.0,8.0,23.65,34.44,0.0,41.77841667655681
F574-2,10.83,40.0,8.0,28.17,36.32,0.0,45.96402179966414
F579-V1,0.42,35.7,9.1,-1.7,15.39,0.0,15.483607460795433
F579-V1,1.47,83.3,9.3,-4.3,40.7,0.0,40.92651951974417
F579-V1,2.11,94.2,10.4,-3.8,48.7,0.0,48.84802964296513
F579-V1,2.84,97.6,9.1,-0.8,53.6,0.0,53.605969816803054
F579-V1,3.9,101.0,9.1,5.9,57.61,0.0,57.91132963419162
F579-V1,4.74,105.0,16.7,10.47,63.1,0.0,63.96273055459718
F579-V1,5.69,106.0,9.1,13.24,67.96,0.0,69.23770071283418
F579-V1,6.32,108.0,11.5,14.88,69.85,0.0,71.41734313176316
F579-V1,7.37,110.0,23.0,17.96,72.36,0.0,74.55555780758401
F579-V1,8.21,112.0,19.7,20.83,72.55,0.0,75.48106650014955
F579-V1,9.16,113.0,9.1,23.19,73.73,0.0,77.29093737301936
F579-V1,10.85,114.0,9.1,26.37,73.37,0.0,77.96495238246479
F579-V1,12.21,114.0,9.1,28.32,69.96,0.0,75.47465799856266
F579-V1,15.16,114.0,11.2,33.04,63.57,0.0,71.64346795067922
F583-1,0.26,14.6,13.0,-0.5,5.06,0.0,5.084643546995206
F583-1,0.44,10.0,7.0,-0.86,8.17,0.0,8.215138465053403
F583-1,0.77,10.7,7.13,-1.55,13.14,0.0,13.23110350651071
F583-1,0.89,17.4,9.6,-1.78,14.55,0.0,14.658475364102502
F583-1,1.22,23.5,11.2,-2.43,17.29,0.0,17.45992554394205
F583-1,1.55,31.0,5.2,-2.98,18.37,0.0,18.61013970930901
F583-1,1.8,32.3,2.41,-3.18,18.25,0.0,18.524980431838518
F583-1,2.21,40.9,5.9,-3.53,19.06,0.0,19.384130106868348
F583-1,2.31,43.8,4.26,-3.66,19.39,0.0,19.732402286594503
F583-1,2.54,44.8,4.5,-4.08,20.16,0.0,20.568714106623194
F583-1,3.1,51.7,12.7,-5.16,22.16,0.0,22.752828395608315
F583-1,3.43,55.7,4.5,-4.94,23.71,0.0,24.21915977072698
F583-1,3.86,59.4,9.85,-3.07,24.94,0.0,25.128241084485005
F583-1,4.09,62.0,4.5,1.31,25.34,0.0,25.37383888969109
F583-1,4.37,63.0,3.2,4.42,25.74,0.0,26.11673792800318
F583-1,4.76,66.6,6.9,7.13,26.09,0.0,27.046718839814933
F583-1,5.4,71.3,2.95,11.25,26.17,0.0,28.48563497624724
F583-1,5.86,72.3,15.5,13.88,25.92,0.0,29.402394460315644
F583-1,6.08,73.4,6.0,14.94,25.73,0.0,29.75292422603197
F583-1,6.43,72.4,5.81,16.72,25.39,0.0,30.400830580758807
F583-1,6.97,77.1,12.1,19.67,24.74,0.0,31.606589502823617
F583-1,7.96,80.3,13.5,24.09,23.76,0.0,33.83586410895989
F583-1,10.29,84.7,6.0,31.66,22.09,0.0,38.60471085243354
F583-1,15.49,86.9,5.6,39.34,17.78,0.0,43.17133308110835
F583-1,16.26,85.8,8.6,39.55,17.09,0.0,43.08445891501946
F583-4,0.22,10.7,4.9,0.47,5.59,0.0,5.6097237008608545
F583-4,0.76,24.7,4.9,1.87,17.63,0.0,17.728897314836022
F583-4,1.31,38.9,4.9,3.27,26.64,0.0,26.83994225031045
F583-4,1.94,42.7,7.89,4.87,32.27,0.0,32.63540715235525
F583-4,3.92,55.0,4.9,8.5,38.26,0.0,39.19282587413161
F583-4,4.35,57.2,4.9,9.17,38.43,0.0,39.508907856330325
F583-4,5.0,59.8,4.9,10.3,39.09,0.0,40.42422664690074
F583-4,5.05,62.5,3.43,10.4,39.06,0.0,40.42083126309997
F583-4,5.83,61.8,3.98,12.1,38.38,0.0,40.24219675912338
F583-4,6.09,64.4,4.9,12.72,38.13,0.0,40.195712457922674
F583-4,6.74,67.2,4.9,14.18,39.23,0.0,41.714089945724574
F583-4,7.29,69.9,4.9,15.33,36.96,0.0,40.0131290953357
IC2574,0.85,10.3,0.2,0.0,9.59,0.0,9.59
IC2574,1.14,12.9,2.7,0.0,11.99,0.0,11.99
IC2574,1.42,16.4,1.8,0.94,13.83,0.0,13.861908238045727
IC2574,1.71,18.6,2.1,3.44,15.27,0.0,15.652683476005
IC2574,1.99,19.8,2.0,5.14,16.76,0.0,17.53046491111973
IC2574,2.28,26.1,0.6,5.82,17.77,0.0,18.698804774637335
IC2574,2.55,27.7,2.7,6.87,18.7,0.0,19.922020479860972
IC2574,2.84,29.7,2.6,7.58,19.36,0.0,20.791007671587252
IC2574,3.13,33.0,3.4,8.21,19.89,0.0,21.517811226981244
IC2574,3.41,34.8,1.2,8.78,20.19,0.0,22.01645975174029
IC2574,3.7,35.0,0.9,8.64,20.15,0.0,21.924235448471173
IC2574,3.98,39.0,10.2,7.98,20.39,0.0,21.89594711356419
IC2574,4.26,35.9,5.4,7.97,21.28,0.0,22.723540657212734
IC2574,4.55,40.0,4.1,10.01,22.72,0.0,24.82737400531921
IC2574,4.84,38.7,1.4,11.42,24.6,0.0,27.12151175727489
IC2574,5.12,41.8,0.5,12.67,25.34,0.0,28.330981274922337
IC2574,5.41,42.9,0.4,13.13,25.74,0.0,28.895406209292158
IC2574,5.68,44.4,1.7,13.93,26.48,0.0,29.920482950647706
IC2574,5.97,46.1,1.3,14.5,27.15,0.0,30.779416823585205
IC2574,6.26,49.0,0.9,15.98,27.39,0.0,31.710763157010273
IC2574,6.54,51.9,0.6,17.58,27.31,0.0,32.47910867003588
IC2574,6.83,53.1,2.1,18.38,26.75,0.0,32.45592241795016
IC2574,7.1,54.0,0.5,19.29,26.25,0.0,32.57555218258011
IC2574,7.39,55.9,1.1,19.86,26.04,0.0,32.749064108765
IC2574,7.68,58.8,3.6,21.01,25.86,0.0,33.319059110365046
IC2574,7.96,57.3,4.6,21.81,25.77,0.0,33.76046504419037
IC2574,8.25,54.0,9.0,22.49,25.57,0.0,34.0532670972992
IC2574,8.52,63.8,12.0,22.38,25.47,0.0,33.90553494637712
IC2574,8.81,60.5,6.2,22.6,25.41,0.0,34.00629500548391
IC2574,9.1,61.0,5.7,22.95,25.38,0.0,34.217640187482246
IC2574,9.38,66.0,1.3,23.63,25.51,0.0,34.77264729640238
IC2574,9.67,65.2,3.4,24.89,25.74,0.0,35.80586125203526
IC2574,9.96,67.1,4.7,25.8,24.84,0.0,35.81432115788319
IC2574,10.23,67.5,9.3,27.17,23.97,0.0,36.23216526789422
IC4202,0.77,35.1,3.96,2.22,20.98,133.76,135.41353846643253
IC4202,1.59,77.9,3.95,3.89,40.96,176.62,181.3490504524355
IC4202,2.36,115.0,6.7,4.02,58.24,176.92,186.30282982284513
IC4202,3.13,156.0,3.16,0.9,74.68,172.53,188.001365154618
IC4202,3.95,192.0,3.14,0.0,91.45,173.49,196.11701252058683
IC4202,4.73,204.0,2.9,0.0,107.35,174.08,204.51862726900941
IC4202,5.5,209.0,3.36,0.0,120.52,167.74,206.54727788087646
IC4202,6.27,220.0,3.25,0.0,132.68,159.21,207.24817610777666
IC4202,7.08,231.0,3.49,0.0,150.86,150.44,213.0514801638327
IC4202,7.86,235.0,4.65,0.24,170.8,142.84,222.65660376463126
IC4202,8.66,245.0,6.0,0.0,187.59,136.33,231.89626344553292
IC4202,9.45,246.0,5.57,3.8,199.82,130.53,238.70599762050387
IC4202,10.24,239.0,6.95,0.0,208.12,125.41,242.98477832983693
IC4202,11.02,240.0,7.16,3.35,212.98,120.9,244.92552521123642
IC4202,11.79,240.0,4.85,15.63,214.9,116.92,245.14606523458622
IC4202,12.47,246.0,7.68,22.51,214.77,113.67,244.03631266678326
IC4202,13.34,241.0,6.21,30.77,213.03,109.94,241.6927334447604
IC4202,14.11,250.0,5.62,37.16,210.67,106.85,239.12264008244807
IC4202,14.59,242.0,5.1,39.71,209.26,105.08,237.50460648164278
IC4202,14.98,244.0,7.41,41.88,208.03,103.7,236.18659000883179
IC4202,15.75,248.0,5.08,44.73,205.55,101.13,233.40705280689355
IC4202,16.52,249.0,5.22,46.3,203.07,98.75,230.50526544962048
IC4202,17.1,246.0,6.35,46.79,201.06,97.06,228.11197097039866
IC4202,17.88,241.0,16.2,46.99,198.19,94.92,224.71569282095098
IC4202,18.65,247.0,14.6,47.18,195.23,92.94,221.31097781176604
IC4202,19.62,234.0,20.9,47.77,191.47,90.61,217.1471986924998
IC4202,20.78,249.0,10.0,51.51,186.83,88.05,212.86505467079374
IC4202,22.13,236.0,16.1,57.31,181.4,85.32,208.49436083501155
IC4202,23.0,245.0,22.1,59.87,177.88,83.69,205.49872846321944
IC4202,23.58,243.0,4.2,61.24,175.64,82.65,203.54549786227156
IC4202,25.03,238.0,7.76,61.05,170.07,80.22,197.70218966920928
IC4202,25.9,247.0,6.14,60.16,166.98,78.87,194.22158196245852
KK98-251,0.25,4.25,2.0,1.87,2.88,0.0,3.433846240005513
KK98-251,0.41,6.84,2.0,3.32,3.93,0.0,5.14463798532025
KK98-251,0.57,9.56,2.0,4.8,4.8,0.0,6.788225099390856
KK98-251,0.74,12.3,2.0,6.44,6.36,0.0,9.051143574156804
KK98-251,0.9,15.1,2.0,8.03,7.43,0.0,10.940100547984008
KK98-251,1.07,17.5,2.0,9.79,8.56,0.0,13.004526135157713
KK98-251,1.24,19.7,2.0,11.57,9.52,0.0,14.983167221919402
KK98-251,1.4,21.8,2.0,13.11,10.08,0.0,16.537185371156724
KK98-251,1.57,24.4,2.0,14.44,10.55,0.0,17.883402920026153
KK98-251,1.72,27.3,2.0,15.54,10.95,0.0,19.01036822368257
KK98-251,1.89,30.3,2.0,16.53,11.36,0.0,20.057180759019946
KK98-251,2.06,32.6,2.0,17.3,11.57,0.0,20.81237372334064
KK98-251,2.46,33.3,2.0,18.07,12.23,0.0,21.81966544198146
KK98-251,2.79,34.6,2.0,18.07,12.94,0.0,22.22540213359479
KK98-251,3.13,34.2,2.0,17.41,12.45,0.0,21.403518402356188
NGC0024,0.21,17.4,6.51,1.51,18.55,0.0,18.6113567479644
NGC0024,0.32,31.0,8.86,2.27,25.65,0.0,25.750250484218594
NGC0024,0.43,36.1,8.16,3.03,29.58,0.0,29.73478266273355
NGC0024,0.54,46.0,8.52,3.84,33.96,0.0,34.17641291885384
NGC0024,0.64,58.0,6.9,4.53,36.83,0.0,37.10754370744579
NGC0024,0.74,63.4,9.55,5.28,39.62,0.0,39.970273954527755
NGC0024,0.85,71.9,8.52,6.04,43.11,0.0,43.5310659184909
NGC0024,0.96,76.4,6.82,6.8,46.75,0.0,47.24195698740686
NGC0024,1.07,78.1,6.65,7.62,50.04,0.0,50.616854900319524
NGC0024,1.17,80.5,6.14,8.31,52.76,0.0,53.410426884644906
NGC0024,1.28,82.8,5.8,9.07,55.72,0.0,56.45337279560894
NGC0024,1.38,85.6,6.48,9.82,58.31,0.0,59.131112791828976
NGC0024,1.48,88.0,7.5,10.57,61.08,0.0,61.98783187045664
NGC0024,1.59,92.0,8.52,11.19,63.47,0.0,64.44887120811349
NGC0024,1.7,92.4,8.52,11.92,65.59,0.0,66.66434204280426
NGC0024,1.8,95.1,9.2,12.54,66.83,0.0,67.9963271066901
NGC0024,1.91,96.5,8.52,13.26,68.03,0.0,69.31023373211202
NGC0024,2.02,101.0,8.86,13.88,68.59,0.0,69.98030079958217
NGC0024,2.13,99.9,9.55,14.61,69.0,0.0,70.52979583126553
NGC0024,2.23,103.0,8.18,15.23,69.17,0.0,70.82684378115405
NGC0024,2.34,104.0,8.52,15.96,69.56,0.0,71.36746597715236
NGC0024,2.44,107.0,9.2,16.58,69.75,0.0,71.6935066794755
NGC0024,2.54,107.0,9.55,17.3,69.69,0.0,71.80519549447658
NGC0024,2.65,106.0,11.2,17.92,69.65,0.0,71.91834884089039
NGC0024,2.76,107.0,11.2,18.55,69.52,0.0,71.95229600228195
NGC0024,7.07,104.0,3.11,26.32,52.21,0.0,58.469021712356366
NGC0024,8.49,106.0,2.55,24.76,47.19,0.0,53.29121597411716
NGC0024,9.91,109.0,4.95,22.59,43.11,0.0,48.670116087800736
NGC0024,11.27,110.0,2.83,20.52,40.05,0.0,45.00080999271013
NGC0055,1.23,28.7,3.4,13.65,27.5,0.0,30.701343618806
NGC0055,1.84,37.6,2.6,18.65,32.63,0.0,37.58376511207998
NGC0055,2.46,43.1,1.2,21.85,36.38,0.0,42.437329086548324
NGC0055,3.07,50.1,2.8,25.04,38.7,0.0,46.09437709742914
NGC0055,3.68,58.1,4.5,28.73,39.68,0.0,48.98893038228126
NGC0055,4.3,64.6,4.1,32.28,39.98,0.0,51.38481098534858
NGC0055,4.91,68.5,2.7,34.59,39.99,0.0,52.87407871537811
NGC0055,5.52,72.3,0.8,36.37,39.87,0.0,53.96659892933776
NGC0055,6.14,74.2,2.4,37.73,39.71,0.0,54.776244851212645
NGC0055,6.75,78.9,2.6,38.68,39.75,0.0,55.463545685431974
NGC0055,7.37,82.4,2.3,39.3,40.35,0.0,56.32594872702989
NGC0055,7.98,84.3,4.8,39.72,41.04,0.0,57.11357106677887
NGC0055,8.59,85.4,7.3,40.39,41.57,0.0,57.96047791383367
NGC0055,9.21,85.3,4.6,40.44,42.03,0.0,58.32593334015324
NGC0055,9.82,86.8,4.0,39.94,42.44,0.0,58.27827382481399
NGC0055,10.43,85.4,5.7,39.15,42.87,0.0,58.0565190138024
NGC0055,11.05,85.4,7.0,37.71,43.32,0.0,57.43401866489929
NGC0055,11.66,86.2,4.1,36.23,43.95,0.0,56.95801436145751
NGC0055,12.28,86.1,6.2,35.41,44.71,0.0,57.033781217801085
NGC0055,12.89,87.4,2.5,34.67,45.88,0.0,57.50637616821286
NGC0055,13.5,86.5,5.5,33.61,48.0,0.0,58.597202151638605
NGC0100,0.23,6.81,8.19,-0.86,9.67,0.0,9.708166665236027
NGC0100,0.69,20.0,4.09,-1.93,23.77,0.0,23.848224252551802
NGC0100,1.15,33.0,4.0,-3.62,34.7,0.0,34.888313229504234
NGC0100,1.59,42.7,4.0,-4.31,41.73,0.0,41.9519844584258
NGC0100,2.05,49.9,4.0,-3.92,46.7,0.0,46.864233696925
NGC0100,2.51,55.5,4.0,3.21,50.33,0.0,50.432261499956546
NGC0100,2.97,61.9,4.0,7.43,53.12,0.0,53.637107490989855
NGC0100,3.42,67.9,4.0,10.05,55.1,0.0,56.00903944900323
NGC0100,3.88,73.1,4.0,11.97,55.08,0.0,56.365657097207695
NGC0100,4.34,76.1,3.0,13.61,54.16,0.0,55.843868956224725
NGC0100,4.79,77.8,5.34,14.82,53.32,0.0,55.34125766550666
NGC0100,5.24,79.0,4.0,15.7,52.48,0.0,54.778101463997444
NGC0100,5.7,78.5,5.6,16.36,50.92,0.0,53.48360496451226
NGC0100,6.16,79.8,7.15,16.58,49.36,0.0,52.07020261147444
NGC0100,7.16,83.4,5.12,17.02,46.44,0.0,49.460630808755354
NGC0100,7.52,84.6,4.0,17.46,45.44,0.0,48.679001633147735
NGC0100,7.98,86.1,5.53,18.01,44.24,0.0,47.76544462265583
NGC0100,8.44,87.5,10.2,18.77,43.11,0.0,47.0189855271251
NGC0100,8.9,89.0,7.77,19.76,41.91,0.0,46.33471376840478
NGC0100,9.35,90.4,5.16,20.86,40.72,0.0,45.752136562132264
NGC0100,9.62,91.2,13.7,21.63,40.12,0.0,45.579285865401616
NGC0247,1.08,34.6,0.9,2.87,22.18,0.0,22.36491225111335
NGC0247,1.61,47.0,0.8,4.22,29.63,0.0,29.9290043269067
NGC0247,2.15,59.1,3.1,5.53,34.54,0.0,34.97988707814821
NGC0247,2.7,64.4,1.4,7.02,38.17,0.0,38.81017005889049
NGC0247,3.22,67.4,2.3,8.74,41.49,0.0,42.40056249626885
NGC0247,3.77,69.8,0.7,10.74,44.33,0.0,45.61245992050856
NGC0247,4.31,71.3,1.1,12.87,46.65,0.0,48.3927618554676
NGC0247,4.85,73.2,1.7,14.02,48.71,0.0,50.68751818741967
NGC0247,5.38,75.1,3.0,14.25,50.36,0.0,52.3372916762035
NGC0247,5.92,78.5,3.8,15.4,51.67,0.0,53.916128384742166
NGC0247,6.46,81.4,5.0,17.47,52.6,0.0,55.42527311615162
NGC0247,6.99,83.5,7.0,20.12,53.23,0.0,56.90559990018557
NGC0247,7.53,87.1,7.2,23.34,53.67,0.0,58.525417555110195
NGC0247,8.07,90.7,4.8,25.63,54.09,0.0,59.8550332052368
NGC0247,8.62,93.1,1.4,27.36,54.75,0.0,61.20565415057664
NGC0247,9.14,95.9,2.1,29.31,55.29,0.0,62.578432386885495
NGC0247,9.69,98.4,5.2,31.5,55.46,0.0,63.78135777795892
NGC0247,10.23,101.0,8.2,33.45,55.35,0.0,64.67244390001045
NGC0247,10.76,103.0,9.4,35.18,54.98,0.0,65.27199093026043
NGC0247,11.3,104.0,9.4,36.44,54.45,0.0,65.51851722986412
NGC0247,11.84,105.0,8.9,37.01,53.82,0.0,65.3171684934367
NGC0247,12.38,105.0,8.4,37.01,53.2,0.0,64.80725345206352
NGC0247,12.91,105.0,9.0,36.33,52.54,0.0,63.8773864524841
NGC0247,13.48,106.0,8.4,35.29,51.7,0.0,62.596118889273
NGC0247,14.01,108.0,7.7,34.03,50.9,0.0,61.22786048850637
NGC0247,14.54,107.0,9.2,32.65,50.18,0.0,59.86697670669532
NGC0289,1.5,164.0,28.2,3.86,179.05,0.0,179.09160253903588
NGC0289,2.52,194.0,32.0,5.64,226.49,0.0,226.56021208499962
NGC0289,3.46,175.0,25.2,6.85,215.85,0.0,215.95866502643509
NGC0289,4.32,185.0,31.5,7.4,220.68,0.0,220.8040361949935
NGC0289,5.43,175.0,27.9,6.0,221.66,0.0,221.74119058037007
NGC0289,6.38,167.0,27.2,4.74,211.57,0.0,211.6230906588409
NGC0289,7.57,176.0,7.18,7.37,198.06,0.0,198.1970749027341
NGC0289,10.6,185.0,4.29,21.99,170.85,0.0,172.25934691621237
NGC0289,13.57,183.0,4.22,32.44,151.82,0.0,155.24711269456833
NGC0289,16.64,172.0,4.33,38.81,136.17,0.0,141.59267283302478
NGC0289,19.71,161.0,4.24,42.5,127.01,0.0,133.93203537615636
NGC0289,22.68,156.0,5.08,49.56,119.49,0.0,129.36017045443313
NGC0289,25.75,159.0,6.49,54.94,111.5,0.0,124.3006580835355
NGC0289,28.72,173.0,6.97,55.53,105.68,0.0,119.3810843475632
NGC0289,31.79,177.0,6.57,60.71,100.59,0.0,117.49064728734795
NGC0289,34.77,179.0,4.47,65.78,96.09,0.0,116.4486861239748
NGC0289,37.84,181.0,4.26,67.48,92.02,0.0,114.11060774529247
NGC0289,40.81,182.0,4.26,68.67,88.49,0.0,112.0091469479167
NGC0289,43.88,182.0,4.83,68.27,85.15,0.0,109.13897287403799
NGC0289,46.85,180.0,5.5,67.18,82.29,0.0,106.22992280897131
NGC0289,49.92,177.0,8.5,65.98,79.64,0.0,103.42093598493489
NGC0289,52.99,175.0,11.0,65.09,77.21,0.0,100.98560392451985
NGC0289,55.96,172.0,11.6,64.29,75.06,0.0,98.82918445479554
NGC0289,59.03,168.0,12.6,62.6,72.97,0.0,96.14250308786431
NGC0289,62.0,158.0,5.38,59.81,71.15,0.0,92.94922592469504
NGC0289,65.07,158.0,6.5,57.13,69.42,0.0,89.9053574599423
NGC0289,68.05,166.0,15.5,55.14,67.85,0.0,87.43021274136304
NGC0289,71.12,165.0,8.75,53.24,66.34,0.0,85.06170231073442
NGC0300,0.91,33.1,3.9,0.0,31.52,0.0,31.52
NGC0300,1.36,46.7,2.7,0.0,37.5,0.0,37.5
NGC0300,1.82,53.9,4.7,0.0,42.04,0.0,42.04
NGC0300,2.27,58.8,2.5,2.86,46.16,0.0,46.24851565185633
NGC0300,2.72,65.6,2.6,7.4,48.37,0.0,48.932779401951
NGC0300,3.17,70.8,2.7,8.38,49.78,0.0,50.480419966557335
NGC0300,3.63,82.1,4.9,8.42,50.48,0.0,51.177405170641464
NGC0300,4.08,84.1,6.6,9.19,50.65,0.0,51.47697155039329
NGC0300,4.54,83.4,6.2,12.0,50.39,0.0,51.799151537452815
NGC0300,4.99,81.5,2.7,12.98,49.84,0.0,51.50248537692138
NGC0300,5.45,80.8,4.0,13.57,49.05,0.0,50.89250828953118
NGC0300,5.9,82.8,12.4,15.44,48.12,0.0,50.53640272120681
NGC0300,6.36,88.2,11.7,20.16,47.07,0.0,51.20557098597769
NGC0300,6.81,88.5,8.5,24.2,45.98,0.0,51.959603539673004
NGC0300,7.26,88.4,8.9,27.05,44.86,0.0,52.38436885178631
NGC0300,7.71,88.2,10.8,28.23,43.73,0.0,52.05041594454361
NGC0300,8.17,89.5,3.1,27.84,42.59,0.0,50.88195849218071
NGC0300,8.62,89.7,9.5,26.95,41.5,0.0,49.48285056461481
NGC0300,9.07,93.7,7.3,26.46,40.45,0.0,48.335640059897834
NGC0300,9.53,97.0,5.7,26.26,39.41,0.0,47.357530552173
NGC0300,9.96,96.2,1.5,25.18,38.5,0.0,46.003069462808675
NGC0300,10.45,94.8,2.1,24.1,37.5,0.0,44.57645118221055
NGC0300,10.93,92.5,13.9,23.02,36.62,0.0,43.25441942738337
NGC0300,11.32,92.8,10.6,22.03,35.97,0.0,42.18011142706951
NGC0300,11.8,93.5,12.1,21.74,35.19,0.0,41.36379697271516
NGC0801,1.17,123.0,6.2,2.58,183.66,0.0,183.67812063498474
NGC0801,1.56,142.0,6.2,3.43,210.66,0.0,210.68792205534706
NGC0801,1.96,205.0,6.2,4.28,232.37,0.0,232.4094131054076
NGC0801,2.73,228.0,6.2,5.96,264.64,0.0,264.70710455142677
NGC0801,3.52,238.0,6.2,7.61,281.54,0.0,281.64283001702705
NGC0801,10.59,229.0,4.2,23.2,269.17,0.0,270.16796423706495
NGC0801,17.65,225.0,6.9,37.46,243.6,0.0,246.46340823740957
NGC0801,24.61,220.0,4.0,47.21,226.69,0.0,231.55375229090976
NGC0801,31.67,222.0,2.4,59.26,219.45,0.0,227.31047072231408
NGC0801,38.74,219.0,4.1,61.77,202.4,0.0,211.61590890100868
NGC0801,45.8,214.0,4.7,58.45,183.36,0.0,192.45075240175083
NGC0801,52.86,216.0,2.6,58.96,169.7,0.0,179.65069329117546
NGC0801,59.82,216.0,8.8,66.89,158.21,0.0,171.7692527782548
NGC0891,0.92,234.0,12.0,-5.19,121.44,254.98,282.470193294797
NGC0891,2.32,192.0,12.0,-10.42,280.89,185.98,337.04054489037367
NGC0891,3.24,212.0,6.3,-11.44,325.09,158.37,361.794746506911
NGC0891,4.17,223.0,4.41,-11.64,311.44,139.66,341.5190753091253
NGC0891,5.1,222.0,4.01,-11.54,293.95,126.35,320.16260962204814
NGC0891,6.03,224.0,3.85,-11.44,280.55,116.3,303.9158865541583
NGC0891,6.96,224.0,3.23,-9.02,271.7,108.06,292.53925206713717
NGC0891,7.89,226.0,3.4,6.44,260.33,101.6,279.5277132951221
NGC0891,8.8,226.0,3.21,16.24,254.4,96.17,272.4550724431461
NGC0891,9.73,227.0,2.75,25.64,241.26,91.46,259.2850338912757
NGC0891,10.64,227.0,2.65,32.27,231.49,87.46,249.55605502571962
NGC0891,11.58,224.0,2.35,35.44,224.36,83.84,242.12093837584558
NGC0891,12.52,220.0,2.43,42.18,213.5,80.63,232.08317323752706
NGC0891,13.46,218.0,2.3,46.37,208.0,77.76,226.8497178750725
NGC0891,14.4,217.0,2.77,49.33,200.84,75.18,220.0504189952839
NGC0891,15.33,216.0,4.43,49.33,193.84,72.86,212.87548966473335
NGC0891,16.27,210.0,4.47,47.29,188.07,70.73,206.4204493261266
NGC0891,17.11,208.0,4.35,45.04,182.56,68.97,200.283838838784
NGC1003,1.25,47.0,7.6,2.05,56.98,0.0,57.01686504886076
NGC1003,2.08,59.5,4.5,6.07,64.63,0.0,64.91441904538621
NGC1003,2.9,71.6,3.7,10.81,74.91,0.0,75.68595774646707
NGC1003,3.73,77.6,3.1,14.74,77.71,0.0,79.09558584396477
NGC1003,4.56,83.4,3.6,17.0,79.57,0.0,81.36574770749667
NGC1003,5.39,89.7,3.8,19.26,79.39,0.0,81.69283750733598
NGC1003,6.22,93.8,2.4,21.62,73.38,0.0,76.49868495601739
NGC1003,7.04,99.0,3.0,23.59,69.52,0.0,73.41334006840991
NGC1003,7.87,103.0,2.5,27.03,65.95,0.0,71.27428287959128
NGC1003,8.7,100.0,2.3,28.5,62.8,0.0,68.96441111181912
NGC1003,9.54,98.3,2.0,29.19,59.81,0.0,66.5529278093759
NGC1003,10.34,98.4,1.7,29.29,56.87,0.0,63.969531810073455
NGC1003,11.21,94.5,1.8,30.27,54.18,0.0,62.062430664613835
NGC1003,11.98,94.9,2.4,31.35,52.09,0.0,60.79630416398681
NGC1003,12.85,95.3,1.6,32.24,49.97,0.0,59.46779380471416
NGC1003,13.72,96.9,1.8,32.83,48.07,0.0,58.21111405908669
NGC1003,14.49,97.2,1.3,33.03,46.57,0.0,57.09418359167596
NGC1003,15.36,100.0,1.8,33.12,45.03,0.0,55.8984373663522
NGC1003,16.13,104.0,2.7,32.83,43.81,0.0,54.746004420414096
NGC1003,17.0,104.0,3.2,33.52,42.53,0.0,54.151558610994755
NGC1003,17.78,105.0,3.4,32.34,41.49,0.0,52.60509195885889
NGC1003,18.65,109.0,3.9,31.65,40.42,0.0,51.33711035888171
NGC1003,19.52,110.0,3.8,29.88,39.42,0.0,49.46464191723215
NGC1003,20.29,107.0,3.8,29.39,38.61,0.0,48.5232336103026
NGC1003,21.16,106.0,3.8,29.0,37.75,0.0,47.603177414958346
NGC1003,21.93,106.0,4.0,27.91,37.04,0.0,46.378116606865355
NGC1003,22.8,108.0,3.4,27.03,36.29,0.0,45.25024861810154
NGC1003,23.67,109.0,3.2,25.65,35.58,0.0,43.86181596787802
NGC1003,24.44,110.0,3.3,26.24,34.99,0.0,43.73600004572892
NGC1003,25.31,110.0,2.7,25.85,34.35,0.0,42.9900569899599
NGC1003,26.08,110.0,2.4,25.26,33.82,0.0,42.2120835780467
NGC1003,26.95,113.0,2.5,26.83,33.25,0.0,42.72483352805485
NGC1003,27.73,114.0,2.2,30.76,32.76,0.0,44.93768129309744
NGC1003,28.6,112.0,1.7,31.75,32.24,0.0,45.24908949360197
NGC1003,29.47,113.0,1.8,34.6,31.75,0.0,46.95979663499406
NGC1003,30.24,115.0,1.6,37.45,31.33,0.0,48.82695362194943
NGC1090,0.35,20.9,9.81,-0.82,48.76,0.0,48.76689450846752
NGC1090,1.07,61.7,8.19,-2.5,98.26,0.0,98.2917982336268
NGC1090,1.6,81.3,4.32,-3.73,114.22,0.0,114.28088772843864
NGC1090,3.7,124.0,3.41,-7.4,144.04,0.0,144.2299608264524
NGC1090,5.09,156.0,7.02,-9.39,154.24,0.0,154.52556325734588
NGC1090,6.61,166.0,6.34,-10.89,166.19,0.0,166.54641455161982
NGC1090,8.17,165.0,12.1,-5.79,171.87,0.0,171.96749983645165
NGC1090,9.11,174.0,4.84,9.64,169.05,0.0,169.32463524248325
NGC1090,10.37,164.0,5.86,17.85,166.21,0.0,167.16574589311054
NGC1090,11.28,176.0,7.35,22.68,167.76,0.0,169.28614828154133
NGC1090,13.62,174.0,3.28,31.86,164.88,0.0,167.92996754599818
NGC1090,15.04,168.0,2.23,35.59,159.31,0.0,163.23701847313924
NGC1090,16.37,166.0,2.23,38.11,153.0,0.0,157.67489368951544
NGC1090,17.59,167.0,4.59,40.13,146.12,0.0,151.53043027722188
NGC1090,18.8,167.0,5.3,41.74,140.2,0.0,146.28146704213765
NGC1090,20.13,165.0,3.48,42.85,134.43,0.0,141.09410831072998
NGC1090,21.35,165.0,3.12,43.55,129.7,0.0,136.81627278946024
NGC1090,22.57,165.0,2.39,44.16,125.69,0.0,133.22192649860608
NGC1090,23.89,165.0,2.23,45.07,121.68,0.0,129.75872725947954
NGC1090,25.11,163.0,2.23,46.68,118.15,0.0,127.03717920357016
NGC1090,26.33,162.0,2.23,48.39,114.89,0.0,124.66476727608327
NGC1090,27.65,162.0,2.23,50.01,111.67,0.0,122.35681019052434
NGC1090,28.87,162.0,2.23,51.42,108.99,0.0,120.51073188724729
NGC1090,30.09,160.0,2.23,52.53,106.1,0.0,118.391768717255
NGC1705,0.22,50.2,7.5,5.62,33.24,0.0,33.71174869389009
NGC1705,0.66,62.2,7.51,13.36,44.88,0.0,46.8263173867004
NGC1705,1.11,72.4,5.35,17.38,43.65,0.0,46.98283622771192
NGC1705,1.55,73.2,3.31,17.38,39.37,0.0,43.03558178995608
NGC1705,2.0,72.9,3.21,17.17,35.3,0.0,39.2542851164048
NGC1705,2.45,72.6,2.73,16.22,31.81,0.0,35.70664503982417
NGC1705,2.89,71.5,3.41,15.26,28.94,0.0,32.71683358761969
NGC1705,3.34,71.1,4.38,14.31,26.66,0.0,30.257754378010276
NGC1705,3.78,71.4,4.6,13.46,24.88,0.0,28.287559102898925
NGC1705,4.22,71.5,5.68,13.36,23.42,0.0,26.962677908546105
NGC1705,4.66,71.5,6.2,13.36,22.2,0.0,25.910028946336592
NGC1705,5.11,71.3,6.43,13.46,21.14,0.0,25.06134872667471
NGC1705,5.56,71.8,9.68,13.46,20.22,0.0,24.290327292978166
NGC1705,6.0,71.5,10.5,14.31,19.44,0.0,24.13896642360646
NGC2366,0.12,4.2,3.15,-0.46,3.95,0.0,3.9766946073340863
NGC2366,0.36,9.41,1.83,-0.53,11.2,0.0,11.2125331660602
NGC2366,0.59,15.3,1.37,1.73,15.88,0.0,15.973956929953205
NGC2366,0.83,18.4,1.64,4.19,19.68,0.0,20.121095894607727
NGC2366,1.07,23.4,2.08,6.57,22.21,0.0,23.16136869876217
NGC2366,1.31,28.1,2.46,9.69,23.33,0.0,25.26232372526328
NGC2366,1.54,33.1,2.01,12.94,22.77,0.0,26.190007636501367
NGC2366,1.79,37.5,1.62,15.67,22.48,0.0,27.402541852901166
NGC2366,2.02,40.5,1.68,17.89,22.28,0.0,28.573597953355474
NGC2366,2.26,42.3,1.69,19.31,22.0,0.0,29.2724460884293
NGC2366,2.49,45.2,1.91,20.12,21.29,0.0,29.29297697401205
NGC2366,2.74,47.4,1.95,21.03,20.52,0.0,29.382499893644177
NGC2366,2.97,48.1,1.74,22.14,19.83,0.0,29.722188681185642
NGC2366,3.21,48.8,1.08,23.15,19.12,0.0,30.02493796829562
NGC2366,3.44,50.7,1.55,23.96,18.46,0.0,30.246540298024172
NGC2366,3.69,52.1,2.78,24.56,17.79,0.0,30.32618835264333
NGC2366,3.92,53.0,2.98,25.07,17.2,0.0,30.403040966324404
NGC2366,4.16,53.7,2.39,25.27,16.63,0.0,30.251112376241636
NGC2366,4.4,51.2,2.21,25.47,16.1,0.0,30.131891742803006
NGC2366,4.64,51.6,1.45,25.68,15.61,0.0,30.052196259175467
NGC2366,4.87,51.5,1.84,26.18,15.18,0.0,30.262597376960226
NGC2366,5.11,50.4,2.53,26.59,14.76,0.0,30.41193351301426
NGC2366,5.35,48.5,4.6,26.69,14.37,0.0,30.312588144201744
NGC2366,5.59,50.0,5.91,26.59,14.01,0.0,30.05508609204106
NGC2366,5.82,49.0,7.42,26.28,13.7,0.0,29.636605743573266
NGC2366,6.06,49.4,5.92,26.18,13.37,0.0,29.396416448267974
NGC2403,0.16,24.5,2.83,0.0,23.21,0.0,23.21
NGC2403,0.26,35.3,2.46,0.0,35.33,0.0,35.33
NGC2403,0.36,43.2,1.12,1.92,46.97,0.0,47.00922569028339
NGC2403,0.46,52.0,1.25,2.29,56.68,0.0,56.726241722856976
NGC2403,0.56,60.9,2.93,2.64,63.77,0.0,63.8246229914443
NGC2403,0.66,65.8,1.25,3.0,67.56,0.0,67.62657465819188
NGC2403,0.76,71.7,1.25,3.34,70.83,0.0,70.9087053893949
NGC2403,0.86,74.6,1.6,3.68,72.8,0.0,72.89295164829038
NGC2403,0.96,74.6,1.03,4.02,74.87,0.0,74.9778453944897
NGC2403,1.06,76.6,1.12,4.37,77.12,0.0,77.24371366007722
NGC2403,1.16,78.5,1.6,4.75,79.47,0.0,79.61182952300493
NGC2403,1.27,83.4,1.8,5.15,82.18,0.0,82.34121021699889
NGC2403,1.36,86.4,1.6,5.51,85.19,0.0,85.36800454502846
NGC2403,1.47,87.4,1.41,5.76,87.94,0.0,88.12843581954691
NGC2403,1.57,90.3,1.41,5.98,90.77,0.0,90.96677030652457
NGC2403,1.67,93.3,1.6,6.21,93.98,0.0,94.184948372869
NGC2403,1.77,93.3,1.41,6.42,96.86,0.0,97.07252958484186
NGC2403,1.87,95.2,1.25,6.61,99.21,0.0,99.42995625061896
NGC2403,1.97,97.2,1.6,6.81,101.42,0.0,101.64837677011866
NGC2403,2.08,99.1,2.02,7.01,103.79,0.0,104.02645913420298
NGC2403,2.18,98.2,2.02,7.27,106.07,0.0,106.31884969279906
NGC2403,2.28,98.2,1.6,7.54,106.73,0.0,106.99600226176678
NGC2403,2.37,98.2,1.0,7.81,106.19,0.0,106.47681531676274
NGC2403,2.47,97.2,1.12,8.25,105.57,0.0,105.8918665431864
NGC2403,2.57,98.2,1.41,8.77,105.08,0.0,105.44533797186104
NGC2403,2.68,98.2,1.12,9.31,104.39,0.0,104.8043329256954
NGC2403,2.78,98.2,1.6,9.95,103.8,0.0,104.27580016475538
NGC2403,2.88,99.1,2.69,10.97,103.16,0.0,103.74163339759018
NGC2403,2.98,100.0,2.69,11.96,102.68,0.0,103.37419407182821
NGC2403,3.08,102.0,3.16,13.06,102.46,0.0,103.28898876453384
NGC2403,3.19,101.0,3.4,14.06,102.29,0.0,103.25176850785657
NGC2403,3.29,101.0,3.4,15.05,102.51,0.0,103.60889247550135
NGC2403,3.39,103.0,2.93,16.15,102.82,0.0,104.08061731177423
NGC2403,3.49,107.0,2.46,17.15,103.06,0.0,104.47720373363751
NGC2403,3.59,110.0,2.46,18.14,102.95,0.0,104.53593688296863
NGC2403,3.69,112.0,3.4,19.24,103.12,0.0,104.8995328874252
NGC2403,3.79,114.0,5.1,20.24,102.93,0.0,104.90110819243047
NGC2403,3.9,118.0,5.1,21.03,102.5,0.0,104.635132245341
NGC2403,3.99,118.0,4.85,21.83,101.99,0.0,104.30009108337345
NGC2403,4.47,118.0,5.36,25.72,99.49,0.0,102.76078288919368
NGC2403,4.97,121.0,2.57,27.81,97.06,0.0,100.96553718967677
NGC2403,5.47,124.0,0.22,29.41,94.4,0.0,98.87521479116998
NGC2403,5.96,125.0,0.88,30.7,91.13,0.0,96.16219059484865
NGC2403,6.46,126.0,0.45,31.7,87.9,0.0,93.44142550282504
NGC2403,6.96,126.0,0.55,33.29,84.95,0.0,91.23993971940139
NGC2403,7.45,126.0,0.45,34.99,81.98,0.0,89.13484447734231
NGC2403,7.95,126.0,0.24,36.58,79.11,0.0,87.15783671018917
NGC2403,8.45,127.0,1.45,38.38,76.42,0.0,85.51631891048632
NGC2403,8.94,128.0,1.12,39.97,74.09,0.0,84.18389988590455
NGC2403,9.44,128.0,1.68,41.47,71.75,0.0,82.87233193291956
NGC2403,9.94,127.0,2.56,42.57,69.58,0.0,81.5694875550901
NGC2403,10.43,127.0,1.24,43.96,67.61,0.0,80.64486158460439
NGC2403,10.93,128.0,0.21,45.06,65.75,0.0,79.70863253123842
NGC2403,11.43,130.0,1.13,45.76,64.12,0.0,78.77405664303446
NGC2403,11.92,130.0,2.23,46.15,62.55,0.0,77.73239350489601
NGC2403,12.42,132.0,2.68,46.65,61.06,0.0,76.84104437083087
NGC2403,12.92,133.0,2.68,46.95,59.67,0.0,75.92635510809143
NGC2403,13.42,133.0,3.37,46.75,58.37,0.0,74.7838177682846
NGC2403,13.91,133.0,3.81,46.25,57.26,0.0,73.60550319099788
NGC2403,14.41,133.0,2.56,45.95,56.12,0.0,72.53176476551498
NGC2403,14.91,134.0,0.56,45.66,55.05,0.0,71.52159184470099
NGC2403,15.4,134.0,0.79,45.26,54.06,0.0,70.50497287425901
NGC2403,15.9,133.0,0.67,44.76,53.11,0.0,69.45595510825547
NGC2403,16.4,134.0,2.35,44.16,52.26,0.0,68.41939198794446
NGC2403,16.89,134.0,4.13,43.36,51.43,0.0,67.26911995856642
NGC2403,17.39,136.0,3.91,42.67,50.61,0.0,66.19743952752252
NGC2403,17.89,136.0,6.38,41.87,49.84,0.0,65.09318320684586
NGC2403,18.38,135.0,8.39,41.07,49.16,0.0,64.05818058608908
NGC2403,18.88,133.0,7.83,40.27,48.46,0.0,63.00828913722384
NGC2403,19.38,134.0,6.26,39.87,47.78,0.0,62.22977824161034
NGC2403,19.87,136.0,5.6,39.87,47.15,0.0,61.74738375024483
NGC2403,20.37,135.0,5.24,39.87,46.52,0.0,61.267669288132716
NGC2403,20.87,134.0,3.12,39.87,45.97,0.0,60.85111174004958
NGC2683,2.89,189.0,10.0,7.68,203.92,89.57,222.856756011569
NGC2683,5.77,212.0,5.0,21.36,229.24,63.44,238.81344350768867
NGC2683,8.66,206.0,5.0,17.89,197.87,51.78,205.3138022637543
NGC2683,11.54,200.0,5.0,24.41,185.0,44.86,191.9199512817779
NGC2683,14.43,172.0,12.0,25.8,159.52,40.12,166.49890329969145
NGC2683,17.31,190.0,10.0,25.8,143.29,36.63,150.1313458275786
NGC2683,20.2,169.0,10.0,23.72,130.86,33.91,137.24746300023182
NGC2683,23.08,150.0,10.0,20.53,121.26,31.72,127.01034170491788
NGC2683,28.85,160.0,10.0,17.48,107.36,28.37,112.4125299955481
NGC2683,31.74,155.0,10.0,16.5,102.03,27.05,106.83666692666895
NGC2683,34.62,151.0,12.0,15.67,97.49,25.9,102.08162910142059
NGC2841,3.44,285.0,14.4,-0.57,163.4,239.5,289.9312589218348
NGC2841,3.77,297.0,13.6,-0.57,171.13,229.25,286.07929722368937
NGC2841,4.13,303.0,8.47,-0.43,180.88,219.24,284.22515177232293
NGC2841,4.47,306.0,5.93,-0.1,188.37,210.91,282.78312361242496
NGC2841,4.8,307.0,5.93,-0.19,194.64,203.54,281.6261658653187
NGC2841,5.13,304.0,8.47,-0.28,200.57,196.88,281.0518416591501
NGC2841,5.48,308.0,8.47,-0.38,206.64,190.44,281.0117926351134
NGC2841,5.83,313.0,12.7,-0.48,211.29,184.57,280.55263213878425
NGC2841,6.16,314.0,9.32,-0.53,215.14,179.57,280.233626461922
NGC2841,6.51,315.0,6.78,3.83,221.84,174.68,282.3840592172299
NGC2841,6.86,317.0,8.47,8.02,227.72,170.15,284.37957257862246
NGC2841,7.18,320.0,7.63,12.15,231.73,166.32,285.497386678057
NGC2841,7.51,316.0,20.5,16.24,235.48,162.63,286.64103840866886
NGC2841,7.85,318.0,23.4,20.27,239.96,159.08,288.61413842707015
NGC2841,8.21,321.0,8.48,24.66,243.42,155.54,289.92085747665686
NGC2841,8.57,323.0,8.66,27.1,245.15,152.23,289.8394476257502
NGC2841,8.9,321.0,12.7,29.42,245.8,149.38,289.1324277904504
NGC2841,9.24,323.0,11.0,31.74,245.24,146.61,287.4796989354205
NGC2841,9.6,323.0,10.4,34.31,244.14,143.83,285.42702149586324
NGC2841,9.93,322.0,13.6,36.63,243.64,141.42,284.0806626646734
NGC2841,10.27,321.0,13.6,38.95,243.6,139.06,283.18853454898203
NGC2841,10.6,323.0,9.32,41.02,243.38,136.88,282.22792065988085
NGC2841,10.93,322.0,11.9,43.22,243.08,134.8,281.29503159494305
NGC2841,11.27,321.0,11.0,45.42,242.44,132.75,280.11192852143944
NGC2841,12.31,323.0,4.24,52.25,237.3,127.02,274.1813868591375
NGC2841,14.35,319.0,4.24,56.77,222.06,117.64,257.62889220737645
NGC2841,16.4,308.0,4.24,51.89,207.98,110.04,240.95031458788344
NGC2841,18.48,299.0,5.66,48.35,196.87,103.67,227.6905538225071
NGC2841,20.57,299.0,5.66,54.45,185.72,98.26,217.05240956967052
NGC2841,22.51,298.0,5.66,63.61,176.98,93.93,210.21654882525306
NGC2841,24.59,296.0,5.66,66.17,168.93,89.87,202.46587539632452
NGC2841,26.68,293.0,4.24,61.9,161.21,86.28,193.0401836406089
NGC2841,28.77,289.0,4.24,58.85,153.59,83.08,184.27017392947778
NGC2841,30.7,289.0,4.24,57.01,147.56,80.43,177.4628935862368
NGC2841,32.79,288.0,4.24,57.38,141.95,77.82,171.75045647683152
NGC2841,34.88,285.0,4.24,60.43,136.82,75.46,167.52823314295412
NGC2841,36.96,283.0,2.83,64.09,132.38,73.3,164.3316235543238
NGC2841,38.9,275.0,2.83,66.9,128.66,71.45,161.66047166824671
NGC2841,40.99,272.0,2.83,68.61,124.87,69.61,158.5730150435439
NGC2841,43.08,271.0,2.83,68.98,121.52,67.9,155.35688204904216
NGC2841,45.16,274.0,4.24,67.76,118.47,66.31,151.7352121295515
NGC2841,47.1,277.0,4.24,65.19,115.75,64.93,147.8638005057357
NGC2841,49.19,281.0,4.24,62.26,113.11,63.54,143.90104690376648
NGC2841,51.27,286.0,4.24,60.55,110.59,62.24,140.6067857537466
NGC2841,53.36,282.0,4.24,60.55,108.3,61.01,138.26573183547686
NGC2841,55.3,283.0,4.24,62.39,106.31,59.93,137.06178570265308
NGC2841,57.38,288.0,5.66,64.95,104.23,58.83,136.17402211875802
NGC2841,59.47,287.0,5.66,67.27,102.32,57.79,135.4042813207913
NGC2841,61.56,289.0,7.07,68.49,100.51,56.8,134.23628496051282
NGC2841,63.64,294.0,7.07,68.73,98.76,55.86,132.65628556536626
NGC2903,0.32,44.0,8.0,0.01,197.82,0.0,197.82000025275502
NGC2903,0.64,64.0,8.0,0.03,204.19,0.0,204.19000220382975
NGC2903,0.96,128.0,8.0,0.08,209.11,0.0,209.11001530295005
NGC2903,1.28,148.0,8.0,0.07,219.11,0.0,219.11001118159803
NGC2903,1.6,157.0,8.0,1.76,225.96,0.0,225.96685420654066
NGC2903,1.92,189.0,8.0,5.17,232.02,0.0,232.0775932743185
NGC2903,2.24,195.0,6.0,8.23,251.26,0.0,251.39475034296163
NGC2903,2.56,201.0,6.0,11.05,278.7,0.0,278.9189712084855
NGC2903,2.88,214.0,4.0,13.64,291.79,0.0,292.1086333883338
NGC2903,3.2,215.0,4.0,16.01,300.53,0.0,300.95614464569417
NGC2903,3.52,215.0,4.0,18.18,298.29,0.0,298.84349833985016
NGC2903,3.84,216.0,3.0,20.14,289.57,0.0,290.2695376714546
NGC2903,4.8,214.0,2.0,24.78,274.65,0.0,275.7656086244258
NGC2903,5.76,210.0,2.0,25.77,255.87,0.0,257.16444116557017
NGC2903,6.72,205.0,2.0,24.89,236.77,0.0,238.07466265858702
NGC2903,7.68,203.0,1.0,25.19,221.37,0.0,222.79859290399477
NGC2903,8.64,201.0,1.0,25.4,209.59,0.0,211.12349016630054
NGC2903,9.6,201.0,1.0,27.64,199.24,0.0,201.14807282198853
NGC2903,10.56,199.0,1.0,32.7,189.8,0.0,192.5962876070045
NGC2903,11.52,197.0,1.0,37.22,181.59,0.0,185.36519765047592
NGC2903,12.48,196.0,2.0,37.86,174.1,0.0,178.16899169047346
NGC2903,13.44,193.0,3.0,36.33,167.37,0.0,171.26758537446602
NGC2903,14.4,190.0,3.0,35.33,161.19,0.0,165.01643857507045
NGC2903,15.36,188.0,5.0,35.01,155.25,0.0,159.14855513010477
NGC2903,16.32,187.0,5.0,34.43,150.2,0.0,154.09563556441174
NGC2903,17.28,188.0,3.0,33.18,145.58,0.0,149.3132572814618
NGC2903,18.24,186.0,3.0,32.48,141.36,0.0,145.0434417683199
NGC2903,19.2,185.0,3.0,31.94,137.48,0.0,141.1414680382771
NGC2903,20.16,185.0,3.0,31.23,133.91,0.0,137.50345813833192
NGC2903,21.12,181.0,3.0,30.85,130.6,0.0,134.19419696842334
NGC2903,22.08,178.0,3.0,30.69,127.55,0.0,131.19023820391516
NGC2903,23.04,177.0,3.0,30.33,124.7,0.0,128.33549353160254
NGC2903,24.0,182.0,4.0,30.72,122.05,0.0,125.8567475346475
NGC2903,24.96,180.0,8.0,30.86,119.57,0.0,123.48815530244185
NGC2915,0.34,13.5,10.1,4.08,44.78,0.0,44.965484540923164
NGC2915,0.67,31.3,12.5,7.65,48.88,0.0,49.47501288529393
NGC2915,1.0,35.3,13.4,10.36,46.82,0.0,47.95249732808501
NGC2915,1.34,50.5,9.38,11.92,43.88,0.0,45.47021882507275
NGC2915,1.68,61.0,10.1,12.33,40.74,0.0,42.56496799012071
NGC2915,2.01,66.5,11.9,12.44,38.01,0.0,39.99392078803977
NGC2915,2.34,74.4,11.6,12.54,35.66,0.0,37.800624333468356
NGC2915,2.67,83.0,9.17,12.44,33.66,0.0,35.88522258534841
NGC2915,3.01,86.4,7.66,12.13,31.74,0.0,33.97888314821427
NGC2915,3.35,83.6,8.18,12.02,29.95,0.0,32.27201419186599
NGC2915,3.68,79.8,7.93,12.54,28.46,0.0,31.10021221792546
NGC2915,4.02,82.8,6.95,13.47,27.13,0.0,30.28989600510375
NGC2915,4.35,83.5,7.19,14.61,25.93,0.0,29.762677970908463
NGC2915,4.68,80.4,7.85,15.44,24.93,0.0,29.32402598552934
NGC2915,5.02,80.3,7.57,15.86,24.0,0.0,28.766988024469992
NGC2915,5.35,82.1,7.92,15.86,23.2,0.0,28.10301763156405
NGC2915,5.69,82.4,8.33,15.65,22.42,0.0,27.34188910810663
NGC2915,6.03,80.9,7.88,15.44,21.74,0.0,26.664980780041823
NGC2915,6.36,79.0,6.15,15.65,21.15,0.0,26.310549215096213
NGC2915,6.69,81.4,6.11,16.27,20.57,0.0,26.226662006439174
NGC2915,7.02,79.7,5.59,17.1,20.07,0.0,26.366928148724494
NGC2915,7.36,77.5,6.33,17.83,19.59,0.0,26.48918647297421
NGC2915,7.7,79.9,6.41,17.93,19.12,0.0,26.211816037810124
NGC2915,8.03,81.5,7.86,18.24,18.72,0.0,26.136870508919003
NGC2915,8.37,82.2,7.82,18.65,18.33,0.0,26.149787762045026
NGC2915,8.7,82.0,7.09,18.97,17.95,0.0,26.116343541927918
NGC2915,9.03,84.7,5.74,19.38,17.62,0.0,26.192533287179383
NGC2915,9.37,86.1,5.54,19.59,17.3,0.0,26.135380234463778
NGC2915,9.7,85.3,5.23,19.9,16.98,0.0,26.15970947850912
NGC2915,10.04,86.5,6.45,19.9,16.69,0.0,25.97241036176658
NGC2955,0.75,169.0,4.27,0.0,53.73,163.04,171.66523963808163
NGC2955,1.55,203.0,4.92,0.16,99.45,214.33,236.27881199972205
NGC2955,2.3,232.0,5.49,0.0,134.15,231.92,267.9236997729017
NGC2955,3.06,256.0,4.38,1.12,162.98,250.27,298.66169439685433
NGC2955,3.85,248.0,3.47,10.81,187.48,252.3,314.51692561768436
NGC2955,4.61,253.0,5.68,18.83,206.85,245.12,321.28695242726553
NGC2955,5.36,269.0,8.42,25.11,220.81,233.77,322.54609143500716
NGC2955,6.12,268.0,4.67,29.26,232.37,221.48,322.34353553313275
NGC2955,6.91,260.0,5.58,31.48,243.48,209.61,322.81550907600456
NGC2955,7.66,245.0,8.47,32.44,254.23,199.62,324.8590323509568
NGC2955,8.42,247.0,6.0,32.35,258.51,190.58,322.7920057870083
NGC2955,8.86,267.0,10.3,32.44,258.41,185.85,319.9504714795714
NGC2955,9.21,255.0,7.27,32.44,257.39,182.29,317.06720076349745
NGC2955,10.82,253.0,11.2,33.51,252.03,168.18,304.838569410106
NGC2955,11.56,271.0,11.3,34.86,249.34,162.76,299.7940506414362
NGC2955,12.4,276.0,8.71,37.47,246.01,157.16,294.3198712285665
NGC2955,14.17,275.0,10.1,44.03,245.22,146.96,289.25547687122537
NGC2955,16.88,275.0,10.0,57.16,236.05,134.67,277.71005923444693
NGC2955,19.49,276.0,11.7,67.4,232.49,125.34,272.5884731605502
NGC2955,22.19,267.0,15.7,77.25,219.85,117.47,260.96127279732525
NGC2955,24.8,257.0,15.1,79.95,209.2,111.12,250.00859365229826
NGC2955,27.51,254.0,13.6,78.21,199.59,105.5,238.9209538738702
NGC2955,30.12,248.0,11.6,75.51,191.82,100.83,229.4849916661218
NGC2955,35.43,227.0,11.2,77.83,176.46,92.96,214.09624494605225
NGC2976,0.11,6.8,3.62,1.06,11.98,0.0,12.02680339907492
NGC2976,0.17,9.5,4.31,1.76,15.44,0.0,15.5399871299818
NGC2976,0.24,14.0,3.11,2.47,19.52,0.0,19.675652466945028
NGC2976,0.31,19.8,5.5,2.93,23.11,0.0,23.294999463404157
NGC2976,0.38,26.1,3.9,3.29,26.27,0.0,26.475214824435326
NGC2976,0.45,28.7,3.5,3.99,29.18,0.0,29.4515279739439
NGC2976,0.52,28.7,2.7,4.46,32.19,0.0,32.4975029809984
NGC2976,0.59,31.7,2.5,4.93,35.22,0.0,35.56337020024959
NGC2976,0.66,35.5,2.3,5.88,38.01,0.0,38.46211772640711
NGC2976,0.73,39.4,2.1,6.93,40.66,0.0,41.246339231500286
NGC2976,0.8,42.9,2.3,7.52,43.36,0.0,44.00727212632022
NGC2976,0.87,46.0,2.6,8.45,45.92,0.0,46.69099377824379
NGC2976,0.94,49.1,3.1,9.28,48.76,0.0,49.63522942427082
NGC2976,1.01,49.2,3.2,10.11,52.24,0.0,53.20930087869977
NGC2976,1.08,51.4,3.2,11.31,55.81,0.0,56.94446592953524
NGC2976,1.14,57.2,3.1,13.04,58.54,0.0,59.97477136263214
NGC2976,1.21,63.8,2.9,15.48,61.95,0.0,63.85477977410932
NGC2976,1.29,67.8,2.8,17.62,66.07,0.0,68.37915837446377
NGC2976,1.35,69.8,3.3,19.66,68.88,0.0,71.63078946933364
NGC2976,1.42,71.7,3.9,21.7,71.85,0.0,75.05539620840062
NGC2976,1.49,74.1,4.4,23.73,74.58,0.0,78.26422746057102
NGC2976,1.56,76.7,4.8,25.98,76.94,0.0,81.20790601905703
NGC2976,1.63,79.9,4.4,27.71,78.73,0.0,83.46410605763414
NGC2976,1.74,83.6,3.35,30.15,80.17,0.0,85.65192000183066
NGC2976,1.93,83.9,3.95,29.44,78.52,0.0,83.85764127376824
NGC2976,2.1,88.7,4.44,29.75,75.56,0.0,81.20576395798516
NGC2976,2.27,85.3,5.36,29.85,73.66,0.0,79.47841279240546
NGC2998,0.33,90.0,20.0,0.0,44.56,0.0,44.56
NGC2998,0.99,125.0,15.0,0.66,93.23,0.0,93.2323361286201
NGC2998,1.98,148.0,15.0,2.66,132.13,0.0,132.156772433349
NGC2998,2.64,180.0,17.0,4.03,154.64,0.0,154.6925030504064
NGC2998,3.63,201.0,15.0,6.22,196.69,0.0,196.78832409469825
NGC2998,7.59,206.0,10.0,16.84,221.58,0.0,222.21899558768598
NGC2998,12.5,214.0,5.0,32.06,213.19,0.0,215.5871510549736
NGC2998,17.48,212.0,5.0,44.76,198.92,0.0,203.8936585575922
NGC2998,22.46,213.0,2.0,52.43,175.78,0.0,183.43258516414144
NGC2998,27.44,214.0,2.0,58.37,162.69,0.0,172.84412920316385
NGC2998,32.32,213.0,2.0,63.92,151.18,0.0,164.13762152535293
NGC2998,37.3,213.0,3.0,66.04,139.68,0.0,154.5049643215389
NGC2998,42.28,203.0,3.0,64.42,130.09,0.0,145.16660945272506
NGC3109,0.26,6.1,1.6,1.0,2.78,0.0,2.9543865691544156
NGC3109,0.52,11.2,0.7,2.12,4.73,0.0,5.183367631183419
NGC3109,0.77,14.9,1.5,4.53,7.0,0.0,8.337919404743607
NGC3109,1.03,19.1,2.2,6.54,8.59,0.0,10.796281767349349
NGC3109,1.29,24.3,0.9,8.22,10.63,0.0,13.437458837146258
NGC3109,1.55,29.8,1.9,10.06,11.72,0.0,15.445452405157967
NGC3109,1.81,34.3,1.6,11.73,12.56,0.0,17.185648082047997
NGC3109,2.06,38.2,3.5,12.92,13.39,0.0,18.606947627163354
NGC3109,2.32,42.5,5.6,13.76,13.69,0.0,19.41014425500233
NGC3109,2.58,42.3,3.0,14.44,13.73,0.0,19.925523832511907
NGC3109,2.84,47.3,4.4,15.04,13.74,0.0,20.371283710164168
NGC3109,3.1,49.3,4.0,15.37,14.32,0.0,21.007124981777014
NGC3109,3.35,50.6,3.5,15.75,15.08,0.0,21.805249367984764
NGC3109,3.61,53.0,3.5,16.29,15.34,0.0,22.375873167320194
NGC3109,3.87,54.7,3.3,16.37,14.77,0.0,22.048351412293847
NGC3109,4.13,55.2,3.1,16.42,14.16,0.0,21.682296926294505
NGC3109,4.38,57.5,2.6,16.88,13.87,0.0,21.84745522938541
NGC3109,4.64,59.1,2.4,17.22,13.96,0.0,22.167769396130048
NGC3109,4.9,61.2,1.9,17.66,14.01,0.0,22.542309109760694
NGC3109,5.16,62.7,1.9,18.09,14.01,0.0,22.8807386244413
NGC3109,5.42,64.4,2.9,18.73,13.96,0.0,23.360104879901545
NGC3109,5.67,66.6,3.2,19.3,13.99,0.0,23.837157968180687
NGC3109,5.93,66.3,3.4,19.36,13.93,0.0,23.850670850103985
NGC3109,6.19,66.2,3.2,19.43,13.15,0.0,23.461615460151076
NGC3109,6.45,67.3,3.0,19.41,12.62,0.0,23.151943762889545
NGC3198,0.32,24.4,35.9,0.0,63.28,0.0,63.28
NGC3198,0.64,43.3,16.3,0.0,73.66,0.0,73.66
NGC3198,0.96,45.5,16.1,0.0,78.98,0.0,78.98
NGC3198,1.28,58.5,15.4,0.35,82.7,0.0,82.70074062546236
NGC3198,1.61,68.8,7.61,0.15,84.22,0.0,84.22013357861645
NGC3198,1.93,76.9,10.3,-0.05,83.17,0.0,83.17001502945638
NGC3198,2.24,82.0,8.09,-0.47,87.04,0.0,87.04126894755154
NGC3198,2.57,86.9,7.6,-0.95,88.91,0.0,88.91507521224958
NGC3198,2.89,97.6,3.03,-1.43,88.98,0.0,88.99149004258778
NGC3198,3.21,100.0,5.31,-1.14,93.81,0.0,93.81692651115789
NGC3198,3.54,107.0,7.51,-0.39,101.22,0.0,101.22075133094003
NGC3198,3.85,113.0,7.32,0.36,108.53,0.0,108.53059706829222
NGC3198,4.17,117.0,5.21,1.52,115.51,0.0,115.52000043282548
NGC3198,4.5,119.0,5.67,3.07,120.51,0.0,120.54909788131971
NGC3198,4.82,127.0,5.39,4.63,125.42,0.0,125.50543135657517
NGC3198,5.15,132.0,4.34,6.02,129.4,0.0,129.5399567701024
NGC3198,5.46,134.0,2.36,7.16,133.15,0.0,133.342371735319
NGC3198,5.78,137.0,0.89,8.31,136.45,0.0,136.70281123663844
NGC3198,6.1,140.0,2.84,9.46,139.41,0.0,139.73059686410846
NGC3198,6.43,142.0,0.88,10.61,141.85,0.0,142.2462463476629
NGC3198,6.74,144.0,1.23,11.77,142.32,0.0,142.80586577588468
NGC3198,7.06,146.0,1.57,12.87,140.94,0.0,141.5263950646663
NGC3198,8.04,147.0,3.0,16.39,135.68,0.0,136.66636199153032
NGC3198,9.04,148.0,3.0,20.03,130.79,0.0,132.3148706684173
NGC3198,10.04,152.0,2.0,23.68,128.1,0.0,130.27030513513046
NGC3198,11.04,155.0,2.0,27.08,126.67,0.0,129.53229442884117
NGC3198,12.05,156.0,2.0,30.11,124.98,0.0,128.5558730669276
NGC3198,14.05,157.0,2.0,34.48,118.12,0.0,123.04960300626736
NGC3198,16.07,153.0,2.0,36.43,108.22,0.0,114.18718535807773
NGC3198,18.13,153.0,2.0,37.76,101.1,0.0,107.92139546910983
NGC3198,20.05,154.0,2.0,39.83,96.4,0.0,104.30430911520388
NGC3198,22.12,153.0,2.0,40.92,91.56,0.0,100.28798532227079
NGC3198,24.03,150.0,2.0,41.77,87.03,0.0,96.53472846597747
NGC3198,26.1,149.0,2.0,43.71,82.67,0.0,93.51413262175937
NGC3198,28.16,148.0,2.0,45.41,79.06,0.0,91.1731961708045
NGC3198,30.08,146.0,2.0,45.29,76.07,0.0,88.53151416303687
NGC3198,32.14,147.0,2.0,44.56,73.27,0.0,85.75597063761799
NGC3198,34.06,148.0,2.0,44.81,70.91,0.0,83.88184666541385
NGC3198,36.12,148.0,2.0,45.9,68.62,0.0,82.55612878520891
NGC3198,38.19,149.0,2.0,46.75,66.59,0.0,81.3620955973972
NGC3198,40.1,150.0,2.0,47.48,64.84,0.0,80.36526612909336
NGC3198,42.17,150.0,3.0,48.93,63.1,0.0,79.84832434058964
NGC3198,44.08,149.0,3.0,47.84,61.63,0.0,78.01873172514406
NGC3521,0.51,143.0,33.1,-3.74,195.66,0.0,195.69574139464558
NGC3521,0.69,160.0,15.0,-4.96,213.36,0.0,213.4176450062178
NGC3521,0.86,178.0,7.92,-6.2,228.63,0.0,228.71405050848975
NGC3521,1.03,188.0,8.01,-7.39,242.31,0.0,242.42266436948506
NGC3521,1.2,187.0,8.03,-8.46,244.99,0.0,245.13602693198732
NGC3521,1.38,195.0,5.6,-9.15,248.08,0.0,248.24868358160535
NGC3521,1.55,199.0,7.52,-9.58,251.75,0.0,251.93221092190655
NGC3521,1.71,203.0,6.87,-9.77,258.35,0.0,258.53466962865934
NGC3521,1.89,206.0,9.22,-9.95,262.92,0.0,263.10820758767676
NGC3521,2.06,211.0,12.0,-9.95,270.25,0.0,270.433106331307
NGC3521,2.23,219.0,13.3,-9.95,275.1,0.0,275.2798803036648
NGC3521,2.41,216.0,9.9,-10.14,276.83,0.0,277.0156466700031
NGC3521,2.58,214.0,10.5,-10.6,274.55,0.0,274.7545495528691
NGC3521,2.75,213.0,8.39,-11.16,274.06,0.0,274.28712911837476
NGC3521,2.92,210.0,13.3,-11.53,273.74,0.0,273.9827156957168
NGC3521,3.09,214.0,6.67,-11.25,275.23,0.0,275.4598253829404
NGC3521,3.26,213.0,9.98,-9.77,276.33,0.0,276.5026614700119
NGC3521,3.43,212.0,11.2,-7.06,278.46,0.0,278.5494842931862
NGC3521,3.61,215.0,9.11,2.4,278.97,0.0,278.9803234997049
NGC3521,3.78,217.0,10.1,7.87,280.87,0.0,280.9802373833434
NGC3521,3.95,219.0,8.05,10.51,281.76,0.0,281.95594992835316
NGC3521,4.12,220.0,8.29,12.28,282.78,0.0,283.04650995905246
NGC3521,4.29,218.0,8.42,13.95,281.57,0.0,281.91535502700094
NGC3521,4.46,220.0,9.71,15.63,279.92,0.0,280.3560295410106
NGC3521,4.64,220.0,20.1,17.49,276.26,0.0,276.81309163404825
NGC3521,4.81,216.0,23.5,19.07,272.38,0.0,273.04675295633893
NGC3521,4.98,220.0,14.6,20.0,268.13,0.0,268.87487219894683
NGC3521,5.15,218.0,12.2,20.46,264.51,0.0,265.3001162834272
NGC3521,5.32,213.0,23.1,20.65,260.81,0.0,261.62621925181736
NGC3521,5.49,215.0,21.2,20.74,257.41,0.0,258.24417844358084
NGC3521,5.67,216.0,18.3,21.02,254.02,0.0,254.88821235985003
NGC3521,5.84,208.0,31.7,21.3,251.09,0.0,251.99182149426994
NGC3521,6.01,212.0,25.3,21.67,248.27,0.0,249.21392778093283
NGC3521,6.19,213.0,23.8,22.04,245.66,0.0,246.64670522834882
NGC3521,6.35,216.0,19.6,22.51,243.33,0.0,244.3689607949422
NGC3521,6.64,210.0,25.0,23.63,238.82,0.0,239.98618564409077
NGC3521,8.82,210.0,10.7,34.97,209.65,0.0,212.5465205549129
NGC3521,11.07,210.0,10.7,43.44,188.05,0.0,193.00216605002134
NGC3521,13.32,206.0,6.25,45.95,172.02,0.0,178.05134905414224
NGC3521,15.49,206.0,6.25,45.39,159.31,0.0,165.6500172049493
NGC3521,17.74,206.0,10.7,42.23,147.38,0.0,153.31091709333683
NGC3726,3.5,102.0,7.0,0.0,138.23,0.0,138.23
NGC3726,5.24,125.0,6.1,0.0,163.99,0.0,163.99
NGC3726,6.98,145.0,4.9,8.76,177.95,0.0,178.16548515355043
NGC3726,8.72,164.0,3.9,23.82,182.72,0.0,184.26608695036643
NGC3726,10.47,162.0,4.8,31.14,173.68,0.0,176.4495451963535
NGC3726,12.19,160.0,4.8,37.29,166.41,0.0,170.53689395553093
NGC3726,13.94,156.0,4.8,46.45,159.41,0.0,166.03960551627435
NGC3726,16.03,146.0,4.85,53.13,148.01,0.0,157.25697758764156
NGC3726,22.3,158.0,4.9,48.17,124.21,0.0,133.22339509260377
NGC3726,27.52,168.0,10.6,42.67,109.5,0.0,117.52012125589388
NGC3726,30.08,169.0,10.6,40.52,103.96,0.0,111.57756046804393
NGC3726,32.52,167.0,15.2,39.01,99.53,0.0,106.9018287963307
NGC3741,0.23,13.1,2.19,2.45,11.6,0.0,11.855905701379376
NGC3741,0.47,17.3,2.39,4.75,13.88,0.0,14.670272662769428
NGC3741,0.7,23.6,2.21,6.71,13.02,0.0,14.647337642042666
NGC3741,0.93,26.2,2.21,7.8,11.93,0.0,14.253592529604598
NGC3741,1.17,27.4,2.24,8.39,10.78,0.0,13.660179354605853
NGC3741,1.4,26.9,2.23,8.84,9.72,0.0,13.13864528785217
NGC3741,1.64,27.4,2.21,9.23,8.89,0.0,12.815030237966667
NGC3741,1.87,31.0,2.2,9.41,8.25,0.0,12.514415687518136
NGC3741,2.1,32.5,2.19,9.55,7.73,0.0,12.28639084515872
NGC3741,2.33,33.0,2.19,10.05,7.3,0.0,12.42145321610962
NGC3741,2.57,36.5,2.2,10.65,6.92,0.0,12.700744072691176
NGC3741,2.8,38.9,2.21,11.28,6.62,0.0,13.079097828214298
NGC3741,3.26,41.5,2.21,12.0,6.11,0.0,13.46596079008104
NGC3741,3.73,42.7,2.2,12.41,5.7,0.0,13.656430719628025
NGC3741,4.21,44.7,2.22,13.14,5.36,0.0,14.191166266378533
NGC3741,4.67,46.7,2.24,13.55,5.09,0.0,14.474480992422492
NGC3741,5.14,48.5,2.27,13.86,4.84,0.0,14.680776546218526
NGC3741,5.61,50.0,2.32,13.86,4.63,0.0,14.612888147111782
NGC3741,6.07,50.2,2.4,13.76,4.45,0.0,14.46167694287215
NGC3741,6.54,50.1,2.57,13.55,4.29,0.0,14.21290258884511
NGC3741,7.0,51.6,3.24,13.34,4.14,0.0,13.967648334633859
NGC3769,1.74,87.5,9.4,11.85,126.23,0.0,126.78499674646051
NGC3769,3.5,106.0,7.1,22.09,136.2,0.0,137.9797380052593
NGC3769,5.24,116.0,5.3,28.99,123.81,0.0,127.15870477478134
NGC3769,6.98,125.0,5.7,34.81,109.91,0.0,115.2906943339314
NGC3769,8.72,126.0,4.4,36.96,98.62,0.0,105.31830800008136
NGC3769,10.47,123.0,4.4,36.75,89.83,0.0,97.0566401643906
NGC3769,12.31,118.0,4.6,34.7,83.14,0.0,90.09078532236246
NGC3769,14.52,115.0,6.4,34.16,76.18,0.0,83.48831055902377
NGC3769,17.07,122.0,15.2,34.92,70.2,0.0,78.40565285743114
NGC3769,31.82,121.0,10.2,33.73,50.64,0.0,60.845069644137965
NGC3769,34.61,118.0,10.4,32.54,48.51,0.0,58.41294120312724
NGC3769,37.16,113.0,10.5,31.57,46.75,0.0,56.41123469664531
NGC3877,0.87,37.8,9.0,0.0,101.87,0.0,101.87
NGC3877,1.74,80.1,9.0,0.0,114.98,0.0,114.98
NGC3877,2.61,121.0,8.5,0.0,122.0,0.0,122.0
NGC3877,3.5,142.0,7.3,8.66,132.74,0.0,133.02219062998475
NGC3877,4.37,153.0,6.2,14.44,143.94,0.0,144.6624941026526
NGC3877,5.24,160.0,5.3,18.43,159.88,0.0,160.93874393694017
NGC3877,6.11,162.0,5.3,22.09,181.37,0.0,182.71027612041968
NGC3877,6.98,167.0,4.5,25.11,193.57,0.0,195.19184665349113
NGC3877,7.85,169.0,5.3,26.73,197.84,0.0,199.63756785735495
NGC3877,8.72,171.0,4.9,28.23,200.86,0.0,202.8341009297993
NGC3877,9.6,171.0,4.9,29.63,201.7,0.0,203.86472696373934
NGC3877,10.47,170.0,5.7,30.28,195.05,0.0,197.38637465640835
NGC3877,11.35,169.0,7.0,30.28,189.75,0.0,192.15082851759968
NGC3893,1.74,145.0,6.8,17.89,202.16,0.0,202.95003744764375
NGC3893,3.5,174.0,6.8,17.67,210.45,0.0,211.19050972995922
NGC3893,5.24,194.0,6.4,27.48,211.51,0.0,213.28767076415832
NGC3893,6.98,190.0,5.5,42.57,187.95,0.0,192.71068314963753
NGC3893,8.81,186.0,5.8,48.28,172.49,0.0,179.1193973303841
NGC3893,10.9,188.0,7.0,45.48,161.01,0.0,167.31004303388366
NGC3893,13.12,187.0,8.5,43.32,148.11,0.0,154.31524390027062
NGC3893,15.33,179.0,12.6,43.11,134.96,0.0,141.67806358078164
NGC3893,17.3,176.0,11.7,43.21,126.37,0.0,133.5532889898261
NGC3893,19.05,167.0,13.5,44.51,119.3,0.0,127.33275344545095
NGC3917,0.87,24.3,3.9,0.0,35.64,0.0,35.64
NGC3917,1.74,49.6,3.9,0.0,47.54,0.0,47.54
NGC3917,2.61,73.6,5.2,0.0,60.47,0.0,60.47
NGC3917,3.5,101.0,4.4,7.38,73.72,0.0,74.08847953629498
NGC3917,4.37,107.0,3.5,13.36,85.03,0.0,86.0731694548307
NGC3917,5.24,115.0,3.5,14.01,96.27,0.0,97.28408400144393
NGC3917,6.11,123.0,3.9,12.18,104.34,0.0,105.04850308309966
NGC3917,6.98,130.0,3.9,18.32,107.5,0.0,109.04986198982556
NGC3917,7.85,134.0,3.5,21.34,109.28,0.0,111.3441242275496
NGC3917,8.72,136.0,3.9,21.77,108.62,0.0,110.78013043863056
NGC3917,9.6,137.0,4.0,27.37,107.75,0.0,111.17184625614527
NGC3917,10.47,136.0,3.5,29.53,106.05,0.0,110.08461927081366
NGC3917,11.35,137.0,3.5,32.11,103.37,0.0,108.24236231716306
NGC3917,12.19,137.0,3.5,32.87,100.58,0.0,105.81480661986771
NGC3917,13.12,137.0,5.0,30.82,96.92,0.0,101.70230479197608
NGC3917,13.94,138.0,5.0,32.01,93.04,0.0,98.39248802627161
NGC3917,14.86,137.0,7.5,31.79,88.38,0.0,93.92352474220715
NGC3949,1.74,123.0,5.5,5.18,160.38,0.0,160.46363077034
NGC3949,2.61,145.0,5.5,14.22,184.96,0.0,185.50582201106252
NGC3949,3.5,152.0,6.2,24.46,199.67,0.0,201.16262202506704
NGC3949,4.37,157.0,6.6,32.44,188.3,0.0,191.07392182084925
NGC3949,5.24,161.0,8.8,37.39,178.75,0.0,182.61865895904504
NGC3949,6.11,165.0,11.2,41.38,166.45,0.0,171.51649162689867
NGC3949,7.07,169.0,25.5,46.55,155.24,0.0,162.0689979607451
NGC3953,3.5,181.0,7.5,0.0,204.12,0.0,204.12
NGC3953,5.24,203.0,6.5,0.0,218.93,0.0,218.93
NGC3953,6.98,216.0,5.6,0.0,229.11,0.0,229.11
NGC3953,8.72,223.0,6.1,9.06,244.28,0.0,244.44795356067107
NGC3953,10.47,224.0,5.6,19.18,247.46,0.0,248.20218371319783
NGC3953,12.19,223.0,6.1,28.88,242.84,0.0,244.55126251974247
NGC3953,13.94,224.0,6.1,35.56,233.58,0.0,236.27130591758282
NGC3953,15.68,215.0,9.7,37.5,218.76,0.0,221.95086753603826
NGC3972,0.87,39.6,4.9,0.0,48.19,0.0,48.19
NGC3972,1.74,73.0,5.2,5.93,61.19,0.0,61.47667037177599
NGC3972,2.61,89.4,6.6,7.31,74.23,0.0,74.58906756355117
NGC3972,3.5,102.0,5.3,13.47,83.56,0.0,84.6387293146583
NGC3972,4.37,110.0,4.4,16.7,88.18,0.0,89.74743673219866
NGC3972,5.24,116.0,4.4,20.91,99.34,0.0,101.51681486335158
NGC3972,6.11,123.0,4.4,24.68,106.44,0.0,109.26379089158493
NGC3972,6.98,130.0,3.9,28.34,102.6,0.0,106.4420762668598
NGC3972,7.85,134.0,6.1,30.6,97.1,0.0,101.80751445743088
NGC3972,8.72,134.0,4.9,30.07,92.41,0.0,97.17928277158666
NGC3992,9.19,248.0,7.0,0.0,218.11,0.0,218.11
NGC3992,13.79,264.0,6.6,6.57,246.64,0.0,246.72749036132961
NGC3992,18.35,272.0,5.7,31.53,243.17,0.0,245.20560719526785
NGC3992,22.94,271.0,5.7,46.25,231.91,0.0,236.47687117348283
NGC3992,27.52,264.0,5.3,52.31,206.95,0.0,213.45875151888245
NGC3992,32.11,242.0,7.4,49.34,187.25,0.0,193.64141628277767
NGC3992,36.7,244.0,5.3,46.74,173.25,0.0,179.44411414142286
NGC3992,41.44,241.0,6.2,45.26,161.14,0.0,167.37552748236521
NGC3992,46.02,237.0,8.6,44.89,151.17,0.0,157.69426432181987
NGC4010,0.87,39.3,6.6,0.0,32.75,0.0,32.75
NGC4010,1.74,54.6,5.6,11.53,62.91,0.0,63.957868945111045
NGC4010,2.61,65.5,6.7,13.36,83.12,0.0,84.18683982666175
NGC4010,3.5,83.9,5.2,15.73,93.77,0.0,95.08020719371618
NGC4010,4.37,94.3,6.3,19.72,97.55,0.0,99.52326813363797
NGC4010,5.24,104.0,5.7,22.31,98.14,0.0,100.64390542899257
NGC4010,6.11,115.0,5.1,25.86,98.57,0.0,101.9057628399886
NGC4010,6.98,127.0,5.1,29.63,99.07,0.0,103.40600466123811
NGC4010,7.85,129.0,5.1,33.19,99.28,0.0,104.68091755425151
NGC4010,8.72,127.0,5.1,36.53,96.65,0.0,103.32310196659797
NGC4010,9.6,124.0,5.1,35.56,93.39,0.0,99.93100469824168
NGC4010,10.47,122.0,3.9,33.73,90.22,0.0,96.31905989989728
NGC4013,5.49,198.0,10.0,0.0,186.83,108.11,215.85462932260685
NGC4013,6.17,195.0,5.0,10.14,197.4,102.7,222.74844466348134
NGC4013,6.92,194.0,4.0,19.07,203.18,97.43,226.13797160140976
NGC4013,7.69,195.0,3.0,24.03,205.95,92.74,227.14213831871882
NGC4013,8.36,195.0,3.0,26.62,205.73,88.92,225.69941005682756
NGC4013,9.12,195.0,3.0,28.67,202.75,85.21,221.78880832900472
NGC4013,9.88,192.0,7.0,29.74,195.44,81.9,213.98334327699433
NGC4013,10.56,188.0,8.0,29.63,185.44,79.23,203.82179324105653
NGC4013,11.31,186.0,7.0,29.42,175.66,76.58,193.8722992074938
NGC4013,12.08,186.0,6.0,29.85,166.96,74.1,185.08774702826764
NGC4013,12.77,186.0,5.0,30.5,160.29,72.07,178.37381814604964
NGC4013,13.47,185.0,6.0,31.57,154.56,70.18,172.65772760001215
NGC4013,14.17,180.0,10.0,32.44,149.44,68.41,167.52490949109625
NGC4013,14.98,163.0,8.0,32.98,144.15,66.54,162.15571066108035
NGC4013,15.68,162.0,6.0,32.44,140.03,65.04,157.76867908428466
NGC4013,16.37,164.0,5.0,31.79,136.17,63.66,153.6407127033717
NGC4013,17.19,166.0,5.0,30.82,132.07,62.12,149.16853455068866
NGC4013,17.88,166.0,5.0,29.63,128.95,60.91,145.65736335661165
NGC4013,18.58,166.0,5.0,28.56,126.05,59.75,142.38798615051763
NGC4013,19.39,166.0,5.0,27.91,122.95,58.49,138.98471390768123
NGC4013,20.09,168.0,5.0,27.26,120.47,57.46,136.22694337024524
NGC4013,20.79,172.0,5.0,26.4,118.15,56.49,133.59454554733887
NGC4013,21.48,173.0,5.0,25.97,116.0,55.57,131.21915180338576
NGC4013,22.3,171.0,5.0,26.08,113.61,54.54,128.69347341648682
NGC4013,22.99,170.0,5.0,26.4,111.72,53.72,126.74445471104445
NGC4013,23.69,172.0,5.0,27.16,109.89,52.92,124.9560086590477
NGC4013,24.39,173.0,5.0,28.88,108.16,52.15,123.50005060727707
NGC4013,25.2,176.0,5.0,30.17,106.26,51.31,121.79545393814993
NGC4013,25.9,178.0,5.0,29.96,104.71,50.61,120.09645207082514
NGC4013,26.59,180.0,6.0,29.63,103.24,49.95,118.45436674095218
NGC4013,27.41,180.0,8.0,29.1,101.58,49.19,116.55454731583835
NGC4013,28.1,180.0,5.0,28.45,100.24,48.59,114.97151038409471
NGC4013,28.8,180.0,5.0,28.02,98.94,47.99,113.47812167990797
NGC4013,29.61,178.0,5.0,27.59,97.5,47.33,111.83732382348927
NGC4013,30.31,174.0,5.0,27.59,96.31,46.78,110.56759290135605
NGC4013,31.01,170.0,10.0,26.19,95.16,46.25,108.99726693821272
NGC4051,1.74,121.0,14.8,0.0,169.0,0.0,169.0
NGC4051,3.5,116.0,7.8,0.0,138.74,0.0,138.74
NGC4051,5.24,140.0,7.0,9.08,151.11,0.0,151.38255678908322
NGC4051,6.98,160.0,6.6,18.43,181.17,0.0,182.10500761923052
NGC4051,8.72,161.0,5.2,29.1,195.63,0.0,197.78247369269096
NGC4051,10.47,154.0,7.4,34.92,181.53,0.0,184.85818158794055
NGC4051,12.19,153.0,9.8,38.79,169.17,0.0,173.56022873919014
NGC4068,0.21,4.68,3.65,0.92,6.84,0.0,6.901594018775662
NGC4068,0.64,13.1,3.44,4.01,16.7,0.0,17.174693592608865
NGC4068,1.06,22.5,2.45,7.7,21.47,0.0,22.809009184968993
NGC4068,1.48,30.4,1.71,12.5,23.36,0.0,26.494142748917163
NGC4068,1.91,36.0,1.7,17.24,23.95,0.0,29.509661129874058
NGC4068,2.33,41.9,4.97,19.86,22.61,0.0,30.09371529073803
NGC4085,0.87,42.2,7.3,0.0,94.8,0.0,94.8
NGC4085,1.74,79.9,5.9,11.42,129.33,0.0,129.83322109537298
NGC4085,2.71,112.0,6.2,11.32,142.76,0.0,143.20810032955538
NGC4085,3.58,127.0,4.9,18.54,148.78,0.0,149.9307173330402
NGC4085,4.45,130.0,4.9,23.17,155.31,0.0,157.0288030903885
NGC4085,5.32,133.0,4.5,25.76,149.59,0.0,151.7917840332605
NGC4085,6.2,136.0,7.4,25.0,139.16,0.0,141.38778447942383
NGC4088,1.74,84.9,11.3,0.0,137.12,0.0,137.12
NGC4088,3.5,136.0,9.9,0.0,180.27,0.0,180.27
NGC4088,5.24,162.0,8.0,16.92,240.94,0.0,241.53337243536348
NGC4088,6.98,179.0,6.5,31.57,264.14,0.0,266.0199325238618
NGC4088,8.72,182.0,6.1,42.24,243.55,0.0,247.18580076533524
NGC4088,10.47,179.0,7.0,48.71,230.28,0.0,235.3753226232521
NGC4088,12.19,174.0,6.2,53.67,219.07,0.0,225.54851761871547
NGC4088,13.94,171.0,7.2,54.74,199.15,0.0,206.5361714083032
NGC4088,15.68,168.0,6.1,54.64,184.18,0.0,192.1140338444852
NGC4088,17.42,165.0,5.6,53.77,172.93,0.0,181.09665319933444
NGC4088,19.28,171.0,8.6,52.37,162.7,0.0,170.92076205072337
NGC4088,21.48,174.0,7.6,50.22,152.44,0.0,160.49922741247073
NGC4100,2.61,120.0,10.5,5.71,126.18,0.0,126.30913070716623
NGC4100,3.5,148.0,7.5,9.28,135.14,0.0,135.4582518711946
NGC4100,4.37,168.0,6.2,13.15,152.52,0.0,153.08583507300733
NGC4100,5.24,182.0,6.1,16.38,177.98,0.0,178.7321593894059
NGC4100,6.11,190.0,5.2,19.18,196.88,0.0,197.8120491780013
NGC4100,6.98,194.0,5.7,21.66,207.03,0.0,208.15997814181284
NGC4100,7.85,195.0,6.1,23.38,198.89,0.0,200.25947293449065
NGC4100,8.72,193.0,4.8,24.46,191.25,0.0,192.80781649092964
NGC4100,9.6,192.0,3.9,25.0,180.26,0.0,181.98534995982507
NGC4100,10.47,192.0,3.5,25.65,169.65,0.0,171.5781017496114
NGC4100,11.35,191.0,4.4,26.73,162.03,0.0,164.22001644135833
NGC4100,12.19,189.0,4.8,28.34,157.28,0.0,159.81287182201564
NGC4100,13.12,185.0,5.3,30.6,152.13,0.0,155.1769857291989
NGC4100,13.94,182.0,4.5,32.54,146.63,0.0,150.1972319984626
NGC4100,14.86,179.0,6.6,34.38,141.01,0.0,145.1406369698025
NGC4100,15.68,176.0,6.2,36.42,136.34,0.0,141.12055838891797
NGC4100,16.61,174.0,6.6,38.36,131.69,0.0,137.16320825935796
NGC4100,17.42,178.0,8.7,38.9,128.17,0.0,133.94311815095242
NGC4100,18.35,177.0,6.2,37.93,124.63,0.0,130.27402580714238
NGC4100,19.16,169.0,5.9,36.96,121.38,0.0,126.88241012843348
NGC4100,20.09,158.0,6.3,36.1,117.8,0.0,123.20734556023841
NGC4100,21.02,158.0,7.6,34.92,114.69,0.0,119.88829175528359
NGC4100,21.95,158.0,8.9,33.73,111.9,0.0,116.87310597395793
NGC4100,22.76,159.0,9.0,32.65,109.45,0.0,114.21613283595273
NGC4138,2.61,179.0,14.7,8.52,197.55,118.24,230.38943226632597
NGC4138,5.24,195.0,6.8,19.72,177.52,83.47,197.1534166581954
NGC4138,7.85,181.0,9.8,23.38,148.4,68.2,164.98613396282732
NGC4138,10.65,162.0,20.4,20.04,126.45,58.55,140.78105909532007
NGC4138,13.47,145.0,9.6,20.8,110.59,52.06,123.98803047068697
NGC4138,16.03,147.0,17.9,22.85,100.09,47.73,113.21785857363669
NGC4138,18.58,150.0,21.0,23.38,92.33,44.33,105.05523404381145
NGC4157,1.74,96.4,12.1,5.73,129.95,70.64,148.01974530446944
NGC4157,3.5,157.0,10.5,16.49,217.21,49.8,223.45501605468607
NGC4157,5.24,192.0,8.4,21.44,237.63,40.7,242.04169165662347
NGC4157,6.98,201.0,6.9,24.35,246.25,35.27,249.95191117492982
NGC4157,8.72,201.0,7.3,30.5,251.02,31.55,254.82678999665637
NGC4157,10.47,194.0,6.4,41.92,230.73,28.8,236.26904007931296
NGC4157,12.19,190.0,6.0,51.62,208.57,26.69,216.51426142404569
NGC4157,13.94,186.0,6.4,50.11,192.8,24.96,200.76317814778687
NGC4157,15.68,184.0,6.4,48.39,179.28,23.53,187.18058499748312
NGC4157,17.42,182.0,7.3,52.05,169.24,22.32,178.4644572456936
NGC4157,19.16,181.0,6.6,50.54,160.07,21.29,169.2039024372665
NGC4157,20.9,183.0,6.5,48.06,151.49,20.38,160.23210695737606
NGC4157,22.65,185.0,6.5,52.27,145.0,19.58,155.37222821341015
NGC4157,24.39,186.0,9.1,50.33,138.91,18.87,148.94688281397498
NGC4157,26.13,186.0,11.4,47.42,133.62,18.23,142.9520678409375
NGC4157,27.87,184.0,13.6,44.83,128.95,17.65,137.6566522184816
NGC4157,29.61,185.0,13.6,43.0,124.77,17.12,133.0775987910813
NGC4183,0.87,47.1,8.2,2.5,39.16,0.0,39.23971967280092
NGC4183,1.74,65.9,6.6,5.78,48.78,0.0,49.12124591253768
NGC4183,2.61,76.1,5.6,11.64,56.83,0.0,58.009813824903794
NGC4183,3.5,85.7,5.6,13.9,59.49,0.0,61.092308026461076
NGC4183,4.37,96.6,5.2,17.89,65.42,0.0,67.8220355046942
NGC4183,5.24,99.3,5.2,23.49,68.37,0.0,72.29271747555214
NGC4183,6.11,103.0,5.2,25.97,71.96,0.0,76.5028267451602
NGC4183,6.98,107.0,5.2,27.48,75.74,0.0,80.57107421401305
NGC4183,7.85,111.0,5.2,31.47,78.27,0.0,84.3596692738894
NGC4183,8.72,114.0,6.1,35.45,80.37,0.0,87.84098929315404
NGC4183,9.6,115.0,6.1,36.42,78.73,0.0,86.74577396046449
NGC4183,10.47,111.0,5.6,37.82,74.74,0.0,83.76407344440693
NGC4183,11.35,110.0,5.6,41.81,70.87,0.0,82.28385625382418
NGC4183,12.31,111.0,5.2,40.2,67.15,0.0,78.263417380025
NGC4183,13.12,109.0,4.8,38.58,64.51,0.0,75.16619253361182
NGC4183,14.05,108.0,4.4,38.15,61.97,0.0,72.77158373980876
NGC4183,14.98,109.0,5.2,39.01,59.84,0.0,71.43252550484269
NGC4183,16.03,111.0,5.3,38.26,57.82,0.0,69.33238781406565
NGC4183,16.95,110.0,4.9,36.53,56.23,0.0,67.05411098508428
NGC4183,17.88,109.0,4.9,37.39,54.53,0.0,66.11756952580758
NGC4183,18.93,110.0,5.3,36.86,52.76,0.0,64.36052516877095
NGC4183,19.97,112.0,10.2,35.67,51.32,0.0,62.498730387104665
NGC4183,21.02,113.0,11.5,35.35,49.87,0.0,61.12805738774953
NGC4214,0.21,55.5,7.21,5.41,32.3,0.0,32.74993282435858
NGC4214,0.63,63.2,5.22,13.09,52.43,0.0,54.039365281246596
NGC4214,1.04,66.6,7.97,16.91,57.12,0.0,59.570483462869426
NGC4214,1.46,70.5,4.62,16.91,56.92,0.0,59.378737777086506
NGC4214,1.88,76.1,4.69,16.7,53.72,0.0,56.25591879971387
NGC4214,2.3,78.8,4.52,15.77,48.94,0.0,51.41805616707034
NGC4214,2.71,80.1,6.65,14.85,45.52,0.0,47.88102860215098
NGC4214,3.14,80.1,6.28,13.92,42.09,0.0,44.33209334105486
NGC4214,3.55,80.1,5.09,13.09,39.26,0.0,41.38472785944109
NGC4214,3.96,80.4,5.4,12.99,36.87,0.0,39.09139291455345
NGC4214,4.38,80.1,7.58,12.99,34.8,0.0,37.145391369589845
NGC4214,4.8,80.4,8.9,13.09,33.03,0.0,35.52926962379047
NGC4214,5.22,80.6,9.37,13.09,31.53,0.0,34.139258925758774
NGC4214,5.63,80.6,9.37,13.92,30.23,0.0,33.28091495136515
NGC4217,0.87,47.8,8.2,3.06,22.47,153.43,155.09683878145293
NGC4217,1.74,98.9,8.2,12.07,39.91,217.64,221.59797517125466
NGC4217,2.61,146.0,7.7,14.22,54.38,259.32,265.3417705526214
NGC4217,3.5,164.0,6.4,13.58,67.47,273.94,282.45307734206045
NGC4217,4.37,174.0,5.95,15.41,76.15,256.31,267.8266355312705
NGC4217,5.24,175.0,6.0,20.15,86.2,236.55,252.57150472687928
NGC4217,6.11,184.0,6.4,23.71,98.08,219.32,241.4189572092465
NGC4217,6.98,185.0,6.4,21.44,106.18,205.28,232.1071829995789
NGC4217,7.85,188.0,6.65,24.46,114.52,193.65,226.30387645818178
NGC4217,8.72,190.0,7.35,27.91,106.83,183.73,214.35561550843494
NGC4217,9.6,191.0,6.4,30.71,97.81,175.09,202.895067214558
NGC4217,10.47,191.0,5.55,32.87,91.79,167.63,193.92178294353627
NGC4217,11.35,189.0,5.95,33.95,87.56,161.03,186.4135644206183
NGC4217,12.19,186.0,6.85,32.87,84.33,155.43,179.86236599133238
NGC4217,13.12,183.0,6.4,32.44,81.01,149.82,173.38110075783922
NGC4217,13.94,179.0,6.85,31.36,78.12,145.35,167.96668270820854
NGC4217,14.86,177.0,7.25,30.5,75.23,140.78,162.50788073198174
NGC4217,15.79,177.0,8.55,31.36,72.41,136.57,157.72768495099393
NGC4217,16.72,178.0,12.0,33.41,69.87,132.72,153.66406020927602
NGC4389,0.87,27.3,5.8,3.85,86.56,0.0,86.64557749821972
NGC4389,1.74,52.7,6.7,8.29,117.08,0.0,117.37312511814619
NGC4389,2.71,69.2,6.7,12.5,131.94,0.0,132.53080245739102
NGC4389,3.58,83.5,6.4,15.95,142.69,0.0,143.57868435112505
NGC4389,4.45,95.9,6.3,20.91,152.97,0.0,154.39251601032998
NGC4389,5.32,110.0,7.6,21.98,140.24,0.0,141.95202710775214
NGC4559,0.67,43.8,10.9,-1.86,59.04,0.0,59.06929151428854
NGC4559,1.32,64.2,7.71,-3.8,76.34,0.0,76.4345183801141
NGC4559,1.97,73.3,8.62,-4.48,88.63,0.0,88.74315353873784
NGC4559,2.62,84.2,8.4,7.23,96.45,0.0,96.72060483681851
NGC4559,3.28,96.2,5.67,12.91,105.73,0.0,106.51526181726261
NGC4559,3.93,102.0,4.79,15.03,114.11,0.0,115.09558201772994
NGC4559,4.58,104.0,5.67,16.47,116.44,0.0,117.59904123758832
NGC4559,5.22,106.0,5.37,19.07,115.33,0.0,116.8959956542567
NGC4559,5.9,106.0,5.24,21.96,114.16,0.0,116.25294490893552
NGC4559,6.54,108.0,5.22,24.08,111.48,0.0,114.05102717643538
NGC4559,7.19,111.0,4.68,26.59,108.69,0.0,111.89523761090102
NGC4559,7.87,114.0,4.61,28.42,108.61,0.0,112.26677380240336
NGC4559,8.51,116.0,4.47,29.67,108.62,0.0,112.59934857715652
NGC4559,9.16,117.0,5.22,30.73,106.75,0.0,111.08508180669446
NGC4559,9.84,118.0,5.22,33.62,102.47,0.0,107.84435682964593
NGC4559,10.48,120.0,4.5,36.6,98.04,0.0,104.6489445718398
NGC4559,11.13,121.0,3.62,38.63,94.48,0.0,102.07226508704507
NGC4559,11.78,122.0,3.17,39.4,91.23,0.0,99.37440767119068
NGC4559,12.43,122.0,2.74,39.69,88.36,0.0,96.86478049322159
NGC4559,13.08,122.0,3.18,40.46,85.84,0.0,94.89740354719933
NGC4559,13.73,123.0,3.56,42.0,83.43,0.0,93.40537939540742
NGC4559,14.38,124.0,4.31,43.44,80.87,0.0,91.79864105747971
NGC4559,15.03,124.0,4.76,44.21,78.55,0.0,90.1367106122694
NGC4559,15.68,123.0,5.23,45.27,76.81,0.0,89.15800020188878
NGC4559,16.33,123.0,5.66,46.72,75.17,0.0,88.50586025795128
NGC4559,16.98,123.0,5.62,48.07,73.49,0.0,87.81517522615324
NGC4559,17.72,121.0,5.67,49.41,71.61,0.0,87.00195515044474
NGC4559,18.28,122.0,6.32,50.57,70.3,0.0,86.59916223613251
NGC4559,19.02,122.0,6.35,51.53,68.7,0.0,85.8780000931554
NGC4559,19.67,121.0,5.86,52.02,67.38,0.0,85.12429030541165
NGC4559,20.32,120.0,5.94,52.11,66.16,0.0,84.21756170775784
NGC4559,20.97,119.0,6.13,51.82,65.01,0.0,83.1361082803375
NGC5005,0.49,211.0,40.1,64.37,73.17,233.76,253.26089986415195
NGC5005,0.98,233.0,17.4,75.6,130.38,272.92,311.76855325705964
NGC5005,1.47,227.0,14.4,68.11,176.13,246.78,310.74284770530113
NGC5005,1.97,234.0,10.8,61.94,213.49,213.16,307.98007938826174
NGC5005,2.46,245.0,7.67,60.52,244.17,190.74,315.6951170037319
NGC5005,2.95,244.0,23.3,69.43,261.9,174.18,322.10372133832914
NGC5005,3.44,261.0,23.3,75.4,273.58,161.3,326.41823846102716
NGC5005,3.93,259.0,22.7,73.37,276.37,150.91,323.32238075951375
NGC5005,4.42,258.0,22.7,68.82,276.54,142.3,318.52763459392344
NGC5005,4.92,258.0,22.5,65.78,278.71,134.88,316.54207761370367
NGC5005,5.74,261.0,22.4,61.84,282.13,124.87,314.6649637312677
NGC5005,6.56,263.0,22.4,59.41,284.24,116.81,312.9960092397346
NGC5005,7.37,264.0,22.3,58.09,281.24,110.2,307.59458008879153
NGC5005,8.19,265.0,22.2,58.09,279.02,104.54,303.57078268502715
NGC5005,9.01,265.0,22.2,58.19,277.3,99.67,300.3589103056542
NGC5005,9.83,264.0,22.0,57.28,272.35,95.42,294.2116539160201
NGC5005,10.65,264.0,21.9,55.06,264.11,91.67,284.93698355952324
NGC5005,11.47,265.0,22.0,51.82,254.75,88.34,274.56662306260023
NGC5033,0.76,206.0,16.0,2.44,95.41,277.3,293.26491726764726
NGC5033,2.28,214.0,10.0,5.15,214.07,218.08,305.63274333748996
NGC5033,3.8,222.0,8.0,8.48,237.47,168.95,291.5613379719609
NGC5033,5.33,224.0,8.0,16.65,222.81,142.66,265.0912940856414
NGC5033,6.85,225.0,8.0,22.4,206.17,125.84,242.5768630764278
NGC5033,8.0,222.0,6.0,24.58,191.74,116.44,225.66939890024966
NGC5033,10.28,220.0,3.0,28.49,177.55,102.72,207.09196266393346
NGC5033,12.56,218.0,2.0,30.21,168.02,92.93,194.36910608427462
NGC5033,14.91,219.0,2.0,36.41,156.39,85.29,181.81832773403235
NGC5033,17.15,217.0,2.0,41.69,147.04,79.53,172.28998403853893
NGC5033,19.39,218.0,2.0,45.72,140.32,74.79,165.44958416387755
NGC5033,21.64,220.0,2.0,51.92,136.88,70.8,162.6175291904289
NGC5033,24.01,222.0,2.0,56.74,130.88,67.21,157.69015853882573
NGC5033,26.25,218.0,3.0,58.35,124.11,64.28,151.45934437993586
NGC5033,28.5,217.0,3.0,56.74,118.34,61.69,145.01530712307581
NGC5033,30.87,207.0,3.0,53.3,113.45,59.28,138.6575309891244
NGC5033,33.12,199.0,3.0,51.34,109.2,57.23,133.5503968545208
NGC5033,35.36,191.0,3.0,48.7,105.32,55.39,128.57699833173893
NGC5033,37.73,193.0,3.0,46.75,101.61,53.62,124.0373290586346
NGC5033,39.98,192.0,3.0,45.26,98.44,52.09,120.21759147479207
NGC5033,42.22,194.0,4.0,43.99,95.58,50.69,116.79097824746567
NGC5033,44.59,196.0,5.0,42.84,92.77,49.32,113.46365453307064
NGC5055,0.72,125.0,17.6,2.2,201.48,0.0,201.4920107597321
NGC5055,1.43,162.0,8.5,3.72,240.13,0.0,240.15881266362055
NGC5055,2.16,178.0,5.22,4.09,263.27,0.0,263.30176793937403
NGC5055,2.87,193.0,1.88,5.34,280.74,0.0,280.7907818999762
NGC5055,3.59,192.0,3.59,6.03,273.32,0.0,273.3865089941345
NGC5055,4.3,190.0,0.97,5.11,272.18,0.0,272.22796421381844
NGC5055,5.03,195.0,0.99,8.42,273.73,0.0,273.85946998415085
NGC5055,5.75,201.0,0.45,14.42,276.2,0.0,276.5761674475948
NGC5055,6.46,204.0,0.81,19.11,279.72,0.0,280.372021607007
NGC5055,7.18,204.0,0.65,22.51,275.62,0.0,276.53767284042874
NGC5055,7.91,206.0,0.66,25.8,271.43,0.0,272.65341534629636
NGC5055,8.62,206.0,1.54,28.49,267.09,0.0,268.6051901955731
NGC5055,11.49,206.0,1.9,33.07,245.58,0.0,247.79661276942429
NGC5055,14.3,206.0,0.42,45.73,225.03,0.0,229.62955776641647
NGC5055,17.19,203.0,4.19,47.26,208.52,0.0,213.808554552899
NGC5055,20.07,200.0,1.23,44.56,190.41,0.0,195.55449803060014
NGC5055,22.96,194.0,4.09,40.45,175.86,0.0,180.45204930950496
NGC5055,25.85,188.0,5.2,37.41,164.23,0.0,168.43693478569358
NGC5055,28.74,184.0,1.16,38.46,154.38,0.0,159.0985732179896
NGC5055,31.62,182.0,2.47,40.22,146.2,0.0,151.63142286478748
NGC5055,34.51,180.0,3.85,42.57,139.3,0.0,145.65951702515014
NGC5055,37.4,181.0,8.43,40.57,133.34,0.0,139.3753224211517
NGC5055,40.29,180.0,4.55,41.86,128.12,0.0,134.78499174611395
NGC5055,43.17,179.0,0.44,42.92,123.52,0.0,130.76435599963776
NGC5055,45.92,179.0,1.96,44.68,119.59,0.0,127.66389661920869
NGC5055,48.81,179.0,2.99,44.56,115.83,0.0,124.10552969146862
NGC5055,51.7,174.0,3.39,43.74,112.43,0.0,120.63868575212514
NGC5055,54.59,172.0,4.84,41.74,109.32,0.0,117.01747732710699
NGC5371,1.45,216.0,10.0,0.0,240.9,0.0,240.9
NGC5371,2.88,215.0,7.0,0.0,232.56,0.0,232.56
NGC5371,4.33,215.0,5.0,0.0,235.54,0.0,235.54
NGC5371,5.78,214.0,4.0,0.0,243.76,0.0,243.76
NGC5371,7.22,215.0,4.0,0.0,245.32,0.0,245.32
NGC5371,8.66,221.0,3.0,0.0,253.0,0.0,253.0
NGC5371,11.55,233.0,3.0,11.24,281.58,0.0,281.8042476613864
NGC5371,14.48,237.0,3.0,27.45,299.81,0.0,301.0640108016898
NGC5371,17.28,242.0,3.0,40.74,295.15,0.0,297.94843530382906
NGC5371,20.2,241.0,3.0,51.22,293.48,0.0,297.91609355655834
NGC5371,23.12,240.0,3.0,57.81,284.89,0.0,290.69624730979933
NGC5371,26.04,234.0,3.0,56.95,267.33,0.0,273.32879723878347
NGC5371,28.84,226.0,3.0,55.22,249.73,0.0,255.76223587543174
NGC5371,31.76,213.0,3.0,52.84,235.27,0.0,241.13074980184507
NGC5371,34.68,207.0,3.0,50.68,223.76,0.0,229.4275484766378
NGC5371,37.48,208.0,4.0,48.19,210.28,0.0,215.7312089151683
NGC5371,40.4,209.0,4.0,45.17,200.01,0.0,205.04713848283765
NGC5371,43.32,207.0,4.0,42.57,191.48,0.0,196.1550287400249
NGC5371,46.24,213.0,6.0,40.95,184.17,0.0,188.66767449671923
NGC5585,0.09,11.2,2.02,0.32,12.72,0.0,12.724024520567383
NGC5585,0.26,26.5,1.03,0.96,26.94,0.0,26.957099250475746
NGC5585,0.43,33.7,1.03,1.6,35.34,0.0,35.37620103968204
NGC5585,0.6,32.7,1.12,2.25,40.03,0.0,40.09318395937145
NGC5585,0.77,33.7,1.03,2.89,43.26,0.0,43.35642628261697
NGC5585,0.94,35.7,2.24,3.55,45.85,0.0,45.987226487362776
NGC5585,1.11,37.8,3.35,4.2,48.05,0.0,48.23320951377795
NGC5585,1.28,41.8,3.35,4.86,48.94,0.0,49.1807197995312
NGC5585,1.46,43.9,2.14,5.23,50.17,0.0,50.441865548371624
NGC5585,1.63,44.9,1.25,5.36,51.3,0.0,51.57925552002471
NGC5585,2.05,53.2,1.6,5.65,53.95,0.0,54.24504585674161
NGC5585,2.74,64.3,0.9,9.45,56.61,0.0,57.39333236535408
NGC5585,3.42,73.1,2.4,11.66,56.83,0.0,58.01383024762285
NGC5585,4.11,76.2,4.4,15.23,58.16,0.0,60.12103209360265
NGC5585,4.79,78.4,3.8,19.76,56.9,0.0,60.233442538178075
NGC5585,5.48,83.1,3.1,23.04,53.88,0.0,58.59945392237031
NGC5585,6.16,88.0,3.0,26.02,50.76,0.0,57.040494387759296
NGC5585,6.85,89.9,2.4,27.47,47.3,0.0,54.698180042849685
NGC5585,7.53,90.6,2.8,29.11,43.89,0.0,52.66615801442137
NGC5585,8.21,91.6,2.6,31.03,41.41,0.0,51.74600467668977
NGC5585,8.9,92.3,1.4,32.1,39.37,0.0,50.79770565685029
NGC5585,9.57,90.9,1.0,32.38,37.7,0.0,49.696623627767714
NGC5585,10.31,89.6,2.7,32.77,36.11,0.0,48.76274192454727
NGC5585,10.96,89.4,2.7,32.48,34.88,0.0,47.66093578602921
NGC5907,5.03,214.0,6.0,0.0,178.85,0.0,178.85
NGC5907,7.55,220.0,6.0,0.0,207.41,0.0,207.41
NGC5907,10.07,235.0,4.0,0.0,227.06,0.0,227.06
NGC5907,12.58,235.0,4.0,16.93,232.81,0.0,233.42476518141774
NGC5907,15.1,230.0,2.0,24.45,224.63,0.0,225.95672019216423
NGC5907,17.61,231.0,2.0,31.1,217.25,0.0,219.46474090386363
NGC5907,20.13,232.0,2.0,42.26,208.93,0.0,213.16109518390076
NGC5907,22.65,225.0,7.0,53.67,198.38,0.0,205.51178384705827
NGC5907,25.16,224.0,7.0,49.79,187.6,0.0,194.09483274935477
NGC5907,27.68,229.0,2.0,54.3,177.97,0.0,186.069371203323
NGC5907,30.2,218.0,2.0,64.08,169.55,0.0,181.25520378736718
NGC5907,32.71,214.0,2.0,61.58,162.23,0.0,173.52426141609132
NGC5907,35.23,213.0,2.0,64.96,155.53,0.0,168.5508306120145
NGC5907,37.75,211.0,2.0,61.95,149.39,0.0,161.72561516346136
NGC5907,40.26,217.0,2.0,63.21,143.82,0.0,157.09772913699294
NGC5907,42.78,216.0,3.0,60.7,138.81,0.0,151.50150527305001
NGC5907,45.29,215.0,3.0,60.57,134.25,0.0,147.28132060787615
NGC5907,47.81,217.0,5.0,60.07,130.16,0.0,143.35281824924127
NGC5907,50.33,214.0,5.0,62.33,126.52,0.0,141.04020455175183
NGC5985,3.54,223.0,8.0,-9.23,117.85,111.1,162.22523046678035
NGC5985,4.23,230.0,6.13,-10.88,124.82,101.71,161.37946244798314
NGC5985,4.97,248.0,5.1,-12.52,131.42,93.86,161.98045067229563
NGC5985,5.74,258.0,6.6,-13.93,141.81,87.33,167.12465377675431
NGC5985,6.47,263.0,7.0,-14.91,151.83,82.27,173.3291951749618
NGC5985,7.22,272.0,6.25,-15.46,163.57,77.87,181.81829775905393
NGC5985,8.02,287.0,4.01,-16.0,173.43,73.88,189.18831702829857
NGC5985,8.79,289.0,7.25,-16.33,181.85,70.57,195.74528423438457
NGC5985,9.5,292.0,6.93,-16.22,190.1,67.89,202.5096306351873
NGC5985,10.27,302.0,10.4,-15.46,200.43,65.29,211.36220239200762
NGC5985,11.08,302.0,10.3,-13.5,209.52,62.86,219.162633676455
NGC5985,11.82,304.0,10.4,-9.2,214.14,60.86,222.8105006502162
NGC5985,12.56,303.0,10.4,5.72,217.36,59.04,225.30825462019806
NGC5985,13.39,305.0,10.1,13.39,220.24,57.18,227.93530244347846
NGC5985,14.1,300.0,8.78,17.64,222.33,55.72,229.88370298914188
NGC5985,14.93,295.0,9.72,21.66,222.27,54.15,229.79410566853105
NGC5985,15.64,294.0,5.32,24.38,221.26,52.91,228.80087434273497
NGC5985,16.35,290.0,5.32,26.24,221.1,51.75,228.586548379383
NGC5985,17.18,291.0,4.03,27.98,220.98,50.48,228.39280023678504
NGC5985,17.89,286.0,3.25,29.72,218.99,49.47,226.46672912372804
NGC5985,18.72,287.0,3.61,31.57,215.15,48.36,222.76641802569793
NGC5985,19.44,294.0,3.35,33.2,212.39,47.46,220.14586914134907
NGC5985,20.26,290.0,3.75,35.16,210.49,46.49,218.41150564931326
NGC5985,20.98,288.0,3.04,37.01,208.75,45.68,216.8708486634384
NGC5985,21.69,290.0,6.4,38.65,206.74,44.93,215.0673266677205
NGC5985,22.52,294.0,4.19,40.5,204.38,44.09,212.96798468314432
NGC5985,23.23,297.0,4.12,41.91,202.43,43.41,211.23158168228537
NGC5985,24.06,293.0,5.15,43.22,200.72,42.66,209.70541814650377
NGC5985,24.77,291.0,6.21,44.2,199.42,42.04,208.54097439112533
NGC5985,25.95,297.0,4.0,45.18,197.86,41.07,207.06655186195573
NGC5985,28.92,292.0,4.0,43.33,193.43,38.91,202.0065392505896
NGC5985,31.76,288.0,4.0,45.72,184.74,37.13,193.9015804474012
NGC5985,34.72,285.0,4.0,47.57,180.34,35.51,189.85884388144788
NGC6015,0.34,35.5,2.1,-2.27,41.97,0.0,42.03134306681146
NGC6015,0.67,62.4,4.2,-3.73,62.26,0.0,62.37163217360918
NGC6015,1.0,90.7,3.8,-5.02,80.4,0.0,80.55656646108994
NGC6015,1.32,104.0,2.0,-6.13,86.74,0.0,86.95633674436843
NGC6015,1.65,105.0,2.4,-7.07,92.13,0.0,92.40087553697745
NGC6015,1.98,108.0,2.0,-7.85,97.94,0.0,98.25408948232129
NGC6015,2.31,116.0,2.3,-8.46,104.95,0.0,105.29042739014787
NGC6015,2.63,130.0,3.3,-8.8,112.27,0.0,112.61435476883042
NGC6015,2.96,141.0,2.2,-8.85,120.94,0.0,121.26337493241725
NGC6015,3.28,146.0,1.6,-8.55,129.34,0.0,129.622290135609
NGC6015,3.61,150.0,1.4,-7.82,137.29,0.0,137.51253215616384
NGC6015,3.94,152.0,1.1,-6.39,143.65,0.0,143.79205332701804
NGC6015,4.27,155.0,1.3,-3.64,148.22,0.0,148.26468898561112
NGC6015,4.6,152.0,1.8,4.74,149.97,0.0,150.04488828347334
NGC6015,4.94,150.0,2.4,8.31,149.81,0.0,150.04030191918437
NGC6015,5.3,147.0,5.5,11.17,147.82,0.0,148.24142909456856
NGC6015,5.63,145.0,3.8,13.71,145.9,0.0,146.54273813464795
NGC6015,5.96,152.0,4.1,15.93,145.72,0.0,146.58814174413973
NGC6015,6.27,149.0,1.4,18.03,145.22,0.0,146.33499000580824
NGC6015,8.24,149.0,4.0,27.98,136.77,0.0,139.60269803983016
NGC6015,10.3,146.0,4.0,36.61,123.8,0.0,129.0996982955421
NGC6015,11.13,149.0,3.2,39.92,119.88,0.0,126.35197188805563
NGC6015,11.95,152.0,2.8,43.13,116.47,0.0,124.19926650347014
NGC6015,12.72,153.0,2.4,45.67,112.55,0.0,121.46296307928603
NGC6015,13.58,156.0,2.2,47.33,108.33,0.0,118.21809421573332
NGC6015,14.43,158.0,2.8,48.11,104.74,0.0,115.26074657054758
NGC6015,15.29,158.0,3.1,48.44,101.4,0.0,112.37612557834515
NGC6015,16.02,159.0,3.8,48.44,98.71,0.0,109.95498033286168
NGC6015,16.88,161.0,3.6,48.11,95.6,0.0,107.02304471467815
NGC6015,17.73,163.0,4.0,47.66,92.8,0.0,104.3231307045566
NGC6015,18.59,162.0,4.8,47.0,90.22,0.0,101.7283067783987
NGC6015,19.32,164.0,5.7,46.67,88.2,0.0,99.78641641025095
NGC6015,20.18,165.0,7.0,46.56,85.97,0.0,97.7684739576107
NGC6015,21.04,166.0,6.3,46.12,83.92,0.0,95.75813699106725
NGC6015,21.89,163.0,7.0,45.56,82.02,0.0,93.82427191297569
NGC6015,22.63,159.0,8.5,45.34,80.48,0.0,92.37286398071677
NGC6015,23.48,155.0,9.1,45.12,78.82,0.0,90.8207399221125
NGC6015,24.34,154.0,8.0,44.68,77.25,0.0,89.24048912909431
NGC6015,25.19,149.0,5.4,44.57,75.79,0.0,87.9238818524296
NGC6015,25.93,153.0,3.1,46.56,74.58,0.0,87.92047543092565
NGC6015,26.78,156.0,3.0,42.58,73.28,0.0,84.75266839457034
NGC6015,27.64,151.0,9.4,40.7,72.03,0.0,82.73337234755996
NGC6015,28.37,158.0,7.7,39.26,71.03,0.0,81.15792321147701
NGC6015,29.23,152.0,3.4,38.26,69.88,0.0,79.66832494787373
NGC6195,1.33,175.0,13.6,0.0,53.18,236.8,242.6980683895115
NGC6195,2.34,237.0,3.65,0.0,84.9,258.48,272.06602213433416
NGC6195,3.33,247.0,3.81,0.0,110.89,258.69,281.45533961891715
NGC6195,4.34,242.0,3.56,0.0,133.39,255.32,288.06456654715447
NGC6195,5.35,240.0,4.2,0.11,152.34,247.96,291.0182971910873
NGC6195,6.34,233.0,4.59,0.0,168.35,242.98,295.60277891115976
NGC6195,7.34,233.0,4.63,0.0,182.51,235.83,298.2041062762215
NGC6195,8.32,247.0,6.41,1.96,192.78,226.67,297.5689145391366
NGC6195,9.34,248.0,7.64,15.34,198.8,216.7,294.47520370992186
NGC6195,10.38,242.0,9.05,25.14,207.14,206.98,293.90426944840385
NGC6195,11.36,252.0,12.5,33.65,211.69,198.54,292.1696599580456
NGC6195,12.34,245.0,8.72,41.56,213.57,190.81,289.3921813041949
NGC6195,13.32,247.0,4.44,48.79,217.57,183.83,288.9820719352673
NGC6195,14.3,238.0,9.29,54.63,223.69,177.48,290.72461780867474
NGC6195,15.47,249.0,9.98,60.46,231.69,170.69,294.05908215867095
NGC6195,16.35,250.0,6.15,63.83,234.56,166.06,294.39528885496793
NGC6195,17.92,253.0,6.96,68.08,238.09,158.63,294.08368094812744
NGC6195,19.1,258.0,15.4,69.27,241.54,153.66,294.5357365414255
NGC6195,22.52,254.0,6.51,67.69,240.74,141.52,287.34229431115773
NGC6195,26.05,256.0,7.73,66.4,225.1,131.58,269.058109708665
NGC6195,29.48,255.0,8.5,63.14,208.87,123.68,250.81881687784113
NGC6195,33.0,244.0,5.75,61.55,195.11,116.89,235.625946576348
NGC6195,36.43,246.0,4.24,65.91,185.57,111.25,226.17894574871465
NGC6503,0.76,77.0,10.0,4.04,70.72,0.0,70.83530193342865
NGC6503,1.52,100.0,5.0,7.62,123.17,0.0,123.40548326553403
NGC6503,2.28,110.0,2.0,9.72,142.64,0.0,142.97079422035816
NGC6503,3.04,118.0,2.0,12.42,134.42,0.0,134.99256572122775
NGC6503,3.79,121.0,2.0,13.35,121.97,0.0,122.69842460276334
NGC6503,4.55,121.0,2.0,14.78,111.53,0.0,112.50506344160692
NGC6503,5.31,117.0,2.0,17.55,103.23,0.0,104.7111999740238
NGC6503,6.07,116.0,2.0,19.2,96.65,0.0,98.53863455518349
NGC6503,6.83,116.0,2.0,20.33,91.96,0.0,94.18041463064388
NGC6503,7.59,116.0,2.0,21.66,87.62,0.0,90.25752046228614
NGC6503,8.35,115.0,1.0,22.79,83.25,0.0,86.31307316971167
NGC6503,9.11,115.0,1.0,23.92,79.58,0.0,83.09718888145375
NGC6503,9.86,116.0,1.0,24.84,76.81,0.0,80.72670995401708
NGC6503,10.64,117.0,1.0,25.46,74.18,0.0,78.42757168241282
NGC6503,11.38,117.0,1.0,26.38,71.5,0.0,76.21124851358886
NGC6503,12.12,118.0,1.0,27.2,69.18,0.0,74.33513570311149
NGC6503,12.86,117.0,1.0,28.13,67.04,0.0,72.70253434372148
NGC6503,13.7,116.0,1.0,28.74,64.84,0.0,70.9239959393152
NGC6503,14.44,115.0,1.0,28.64,63.05,0.0,69.24992490970658
NGC6503,15.18,117.0,1.0,28.33,61.39,0.0,67.61154487215921
NGC6503,15.91,116.0,1.0,28.13,59.88,0.0,66.1582292689277
NGC6503,16.65,115.0,2.0,28.33,58.45,0.0,64.9537635553168
NGC6503,17.49,115.0,2.0,28.23,56.93,0.0,63.544927413602416
NGC6503,18.23,115.0,2.0,27.82,55.71,0.0,62.27002890636875
NGC6503,18.97,114.0,2.0,27.2,54.55,0.0,60.955249978980476
NGC6503,19.71,115.0,2.0,26.9,53.46,0.0,59.846316511544806
NGC6503,20.45,114.0,2.0,26.69,52.44,0.0,58.841394443027944
NGC6503,21.29,116.0,2.0,26.49,51.35,0.0,57.78012287975857
NGC6503,22.03,115.0,3.0,26.18,50.44,0.0,56.82944659241368
NGC6503,22.76,118.0,4.0,25.87,49.61,0.0,55.95005808754804
NGC6503,23.5,115.0,10.0,25.46,48.79,0.0,55.03340530986612
NGC6674,2.5,206.0,75.0,0.0,122.77,171.6,210.99533857410213
NGC6674,7.49,285.0,8.0,0.0,218.15,99.53,239.78249185459725
NGC6674,12.54,291.0,7.0,0.0,234.07,76.92,246.38476271880126
NGC6674,17.45,274.0,5.0,0.0,221.55,65.21,230.94749749672545
NGC6674,22.47,266.0,4.0,23.41,205.25,57.46,214.4230449368724
NGC6674,27.48,255.0,2.0,35.47,190.15,51.96,200.287256209675
NGC6674,32.5,250.0,2.0,42.22,174.2,47.78,185.50228246574216
NGC6674,37.51,242.0,2.0,45.59,160.68,44.48,172.84380492224764
NGC6674,42.42,237.0,2.0,49.68,149.48,41.82,162.976333251181
NGC6674,47.44,235.0,2.0,50.91,139.94,39.55,154.0754172475285
NGC6674,52.45,236.0,2.0,48.66,131.98,37.61,145.60572825270302
NGC6674,57.47,242.0,2.0,50.7,125.25,35.93,139.81780072651694
NGC6674,62.48,246.0,2.0,51.01,119.5,34.46,134.42381373848906
NGC6674,67.4,242.0,4.0,48.35,114.62,33.18,128.74928854172362
NGC6674,72.41,242.0,5.0,44.77,110.24,32.01,123.21465253775624
NGC6789,0.1,13.9,3.84,2.8,7.62,0.0,8.118152499183543
NGC6789,0.3,29.9,3.92,7.72,17.26,0.0,18.90782906628892
NGC6789,0.51,46.7,4.1,11.07,20.43,0.0,23.236389564646224
NGC6789,0.71,60.4,9.4,11.87,21.37,0.0,24.445322660991817
NGC6946,0.19,153.0,8.0,0.96,24.4,233.17,234.4451545671183
NGC6946,0.56,130.0,9.0,2.86,62.52,168.53,179.77566826464587
NGC6946,0.94,128.0,3.0,4.5,91.94,137.01,165.06045468251926
NGC6946,1.22,134.0,3.0,5.34,109.48,120.39,162.81320001768898
NGC6946,1.59,129.0,4.0,6.46,127.82,105.47,165.84210834405116
NGC6946,1.96,131.0,7.0,6.51,138.39,94.99,167.97997588998516
NGC6946,2.34,138.0,8.0,6.51,151.17,86.94,174.5087751375271
NGC6946,2.71,139.0,5.0,6.44,166.55,80.79,185.22256935913614
NGC6946,2.99,143.0,3.0,6.38,170.5,76.91,187.15261820236447
NGC6946,3.37,146.0,2.0,7.55,177.07,72.44,191.46368062899032
NGC6946,3.74,154.0,2.0,10.54,180.71,68.77,193.64015234449698
NGC6946,4.12,161.0,1.0,12.86,184.13,65.52,195.86246935030712
NGC6946,4.4,167.0,2.0,13.54,187.91,63.4,198.77892166927558
NGC6946,4.77,173.0,2.0,14.41,193.15,60.89,203.03241785488345
NGC6946,5.15,176.0,4.0,17.51,197.95,58.6,207.18292062812512
NGC6946,5.52,178.0,5.0,20.8,204.45,56.6,213.15722483650418
NGC6946,5.89,180.0,3.0,23.41,204.89,54.8,213.37989642888104
NGC6946,6.17,179.0,4.0,25.15,201.57,53.54,210.07027157596573
NGC6946,6.55,180.0,5.0,27.66,200.86,51.96,209.30756508067262
NGC6946,6.92,181.0,4.0,31.15,201.34,50.55,209.91288812266865
NGC6946,7.3,179.0,4.0,34.05,198.33,49.22,207.1637029018356
NGC6946,7.58,179.0,2.0,34.92,194.96,48.3,203.8668634182613
NGC6946,7.95,179.0,1.0,35.89,189.92,47.17,198.95403338459866
NGC6946,8.33,178.0,1.0,37.34,184.93,46.08,194.20799906286044
NGC6946,8.7,177.0,2.0,38.88,182.77,45.09,192.2228794914903
NGC6946,9.08,176.0,2.0,39.08,181.24,44.13,190.5849965238607
NGC6946,9.36,173.0,3.0,38.4,179.87,43.47,188.9905230428235
NGC6946,9.73,172.0,2.0,37.72,177.19,42.63,186.10860109086843
NGC6946,10.1,172.0,2.0,37.43,174.69,41.85,183.4912082362531
NGC6946,10.48,170.0,2.0,37.14,171.99,41.08,180.68620893693023
NGC6946,10.76,171.0,2.0,36.66,170.15,40.54,178.71337303067168
NGC6946,11.13,174.0,2.0,35.89,167.51,39.86,175.88778183830735
NGC6946,11.51,174.0,2.0,36.08,164.95,39.2,173.34044219396694
NGC6946,11.88,175.0,2.0,36.76,162.35,38.58,170.87198863476715
NGC6946,12.26,174.0,2.0,37.82,159.81,37.98,168.55879953298196
NGC6946,12.54,173.0,6.0,38.79,158.0,37.55,166.96905881030773
NGC6946,12.91,173.0,6.0,40.14,155.62,37.01,164.91981112043513
NGC6946,13.29,173.0,8.0,42.08,153.17,36.48,162.98026168834065
NGC6946,13.66,175.0,9.0,44.01,150.89,35.98,161.24277534202886
NGC6946,14.03,174.0,9.0,45.46,148.68,35.5,159.47602954676293
NGC6946,14.31,171.0,9.0,46.53,147.06,35.16,158.20211787457208
NGC6946,14.69,167.0,8.0,45.94,144.87,34.7,155.89063634484273
NGC6946,15.06,165.0,7.0,44.59,142.8,34.27,153.4748871965704
NGC6946,15.44,163.0,8.0,44.01,140.8,33.84,151.3494819944885
NGC6946,15.72,162.0,8.0,44.2,139.35,33.54,149.98997999866523
NGC6946,16.09,161.0,9.0,33.85,137.46,33.15,145.39599925720103
NGC6946,16.47,159.0,10.0,33.85,135.59,32.77,143.5421314457884
NGC6946,16.84,158.0,10.0,33.85,133.88,32.41,141.84528543451842
NGC6946,17.21,157.0,10.0,33.85,132.2,32.06,140.1802628760554
NGC6946,17.5,157.0,10.0,33.85,130.89,31.79,138.88347165879745
NGC6946,17.87,157.0,9.0,33.85,129.3,31.46,137.31002913115998
NGC6946,18.24,160.0,11.0,33.85,127.8,31.14,135.8247477450262
NGC6946,18.62,159.0,12.0,33.85,126.3,30.82,134.34055567846963
NGC6946,18.9,160.0,14.0,33.85,125.2,30.59,133.25393277498418
NGC6946,19.27,158.0,16.0,33.85,123.92,30.3,131.98514651278
NGC6946,19.65,155.0,18.0,33.85,122.75,30.0,130.81813712173096
NGC6946,20.02,157.0,19.0,33.85,121.08,29.72,129.18772116575167
NGC6946,20.4,154.0,21.0,33.85,119.5,29.44,127.64319840868922
NGC7331,2.67,221.0,20.0,-12.02,317.9,136.84,346.30922020645073
NGC7331,3.21,237.0,13.0,-12.52,344.05,124.77,366.1894397712747
NGC7331,3.74,249.0,8.0,-12.91,365.51,115.63,383.58118449684156
NGC7331,4.27,250.0,5.0,-12.71,368.89,108.22,384.6465190275352
NGC7331,4.81,253.0,5.0,-11.52,367.77,101.96,381.81582588991773
NGC7331,5.35,257.0,5.0,-9.56,371.23,96.68,383.73184504286326
NGC7331,5.88,257.0,5.0,-6.26,365.05,92.22,376.5703367234334
NGC7331,6.41,257.0,5.0,4.8,360.1,88.33,370.806201269612
NGC7331,7.48,257.0,5.0,12.22,345.54,81.76,355.2913137131275
NGC7331,8.55,255.0,5.0,16.59,324.23,76.48,333.54086915998766
NGC7331,9.62,248.0,6.0,22.45,311.29,72.1,320.31839878470925
NGC7331,10.66,247.0,6.0,28.21,299.93,68.49,308.94123891122075
NGC7331,11.74,246.0,6.0,33.77,288.64,65.26,297.84615172937856
NGC7331,12.83,244.0,6.0,38.94,280.42,62.43,289.9124090134812
NGC7331,13.91,242.0,4.0,43.31,272.13,59.96,282.00300459392275
NGC7331,15.0,238.0,3.0,45.59,263.74,57.74,273.80858879881765
NGC7331,16.08,236.0,3.0,47.38,256.44,55.77,266.6770160700018
NGC7331,17.07,233.0,3.0,49.66,250.86,54.12,261.3920993450261
NGC7331,18.15,234.0,3.0,53.93,245.89,52.49,257.14886175132096
NGC7331,19.24,236.0,3.0,57.71,242.0,50.98,253.95551677409964
NGC7331,20.32,237.0,3.0,60.09,237.62,49.61,250.0704392766166
NGC7331,21.41,238.0,3.0,61.78,231.06,48.33,244.01082127643437
NGC7331,22.49,240.0,3.0,63.67,224.49,47.15,238.06039464808086
NGC7331,23.48,238.0,3.0,64.56,219.56,46.15,233.46179494726755
NGC7331,24.57,237.0,3.0,62.97,214.35,45.11,227.91677318705615
NGC7331,25.65,236.0,3.0,61.48,209.72,44.15,222.9607393690647
NGC7331,26.74,238.0,3.0,60.79,205.21,43.24,218.34895419946486
NGC7331,27.82,239.0,3.0,59.4,200.95,42.4,213.79200756810343
NGC7331,28.91,239.0,3.0,57.31,196.85,41.59,209.1986775770822
NGC7331,29.89,241.0,4.0,55.13,193.34,40.9,205.16452544238734
NGC7331,30.98,236.0,4.0,52.84,189.65,40.18,200.93188024800844
NGC7331,32.06,236.0,5.0,51.55,186.2,39.49,197.19863741922762
NGC7331,33.15,239.0,5.0,51.35,182.89,38.84,193.8920323272723
NGC7331,34.23,237.0,5.0,50.86,179.88,38.22,190.79916771306944
NGC7331,35.32,241.0,7.0,49.27,177.27,37.63,187.79830324047128
NGC7331,36.31,238.0,9.0,47.97,173.78,37.11,184.05912473985092
NGC7793,0.11,9.1,8.5,0.65,27.23,0.0,27.237756882680337
NGC7793,0.14,17.6,7.4,0.65,29.91,0.0,29.917062021528785
NGC7793,0.17,19.3,7.4,0.65,32.32,0.0,32.32653553970793
NGC7793,0.21,24.8,6.4,0.65,35.62,0.0,35.62593016329538
NGC7793,0.24,30.0,7.2,0.74,37.98,0.0,37.98720837334589
NGC7793,0.28,35.0,7.3,0.9,40.67,0.0,40.67995698129486
NGC7793,0.32,38.3,7.6,1.05,43.2,0.0,43.212758532637096
NGC7793,0.35,42.7,8.8,1.21,45.04,0.0,45.056250398807045
NGC7793,0.39,47.0,5.3,1.36,47.33,0.0,47.3495353725884
NGC7793,0.42,49.8,5.6,1.52,48.89,0.0,48.91362284681028
NGC7793,0.46,52.2,6.2,1.67,51.0,0.0,51.02733483144108
NGC7793,0.49,53.4,6.3,1.83,52.6,0.0,52.63182402311362
NGC7793,0.53,54.6,5.9,1.99,54.8,0.0,54.83612039522854
NGC7793,0.56,55.5,6.9,2.12,56.23,0.0,56.269950239892694
NGC7793,0.6,55.9,7.5,2.23,57.57,0.0,57.61317384071112
NGC7793,0.63,58.3,7.4,2.35,58.53,0.0,58.57715766405878
NGC7793,0.66,59.3,6.3,2.47,59.59,0.0,59.64116866728887
NGC7793,0.7,59.5,6.7,2.59,61.08,0.0,61.13488774832256
NGC7793,0.87,59.1,5.1,3.18,66.09,0.0,66.16646053704248
NGC7793,1.05,62.6,5.5,3.96,69.65,0.0,69.76248347070222
NGC7793,1.22,65.6,4.8,5.5,72.34,0.0,72.54878083055566
NGC7793,1.4,70.7,4.6,7.05,75.45,0.0,75.77865794536085
NGC7793,1.57,73.9,4.0,8.58,78.94,0.0,79.40491168687237
NGC7793,1.75,78.5,4.2,10.09,82.71,0.0,83.32317924803397
NGC7793,1.92,82.4,4.6,11.55,87.55,0.0,88.30857829225879
NGC7793,2.1,87.1,4.9,13.06,92.38,0.0,93.2985959165517
NGC7793,2.27,89.6,5.4,14.78,95.96,0.0,97.09155473057375
NGC7793,2.45,94.9,5.7,16.4,96.45,0.0,97.83436257266666
NGC7793,2.62,98.1,5.0,18.13,95.98,0.0,97.67731210470527
NGC7793,2.79,99.3,5.7,20.29,96.23,0.0,98.34580316414117
NGC7793,2.97,98.6,7.2,22.34,96.64,0.0,99.18853361150168
NGC7793,3.16,101.0,8.7,24.5,96.45,0.0,99.51307703010696
NGC7793,3.33,103.0,9.4,26.22,95.51,0.0,99.04366966141754
NGC7793,3.51,107.0,9.1,27.95,94.38,0.0,98.4316356665884
NGC7793,3.68,114.0,7.4,29.68,93.3,0.0,97.90706001101248
NGC7793,3.85,112.0,8.1,29.78,92.28,0.0,96.966214734824
NGC7793,4.03,114.0,7.6,30.0,91.15,0.0,95.96000468945383
NGC7793,4.2,116.0,7.2,30.11,89.82,0.0,94.73248914707139
NGC7793,4.38,114.0,7.8,30.65,88.18,0.0,93.35488685655402
NGC7793,4.73,114.0,11.4,31.83,85.52,0.0,91.25140711243854
NGC7793,5.25,109.0,9.9,33.35,82.4,0.0,88.89309590738755
NGC7793,5.78,107.0,12.6,34.64,77.56,0.0,84.94400037671878
NGC7793,6.3,105.0,12.5,34.75,74.17,0.0,81.90696795755535
NGC7793,6.82,101.0,5.2,33.99,71.94,0.0,79.56559369476231
NGC7793,7.35,94.5,4.6,32.7,69.09,0.0,76.43767461141135
NGC7793,7.87,90.8,6.1,30.97,66.92,0.0,73.73891306494828
NGC7814,0.63,265.0,15.0,-0.69,39.69,345.22,347.4947778024873
NGC7814,1.72,250.0,15.0,-2.33,81.63,298.99,309.9417782423015
NGC7814,2.79,233.0,7.29,-3.94,104.82,255.24,275.9532815532368
NGC7814,3.91,230.0,6.45,-5.06,118.95,225.3,254.82306822577897
NGC7814,5.03,228.0,5.37,-3.48,122.96,203.41,237.71180050641155
NGC7814,6.14,228.0,5.16,1.4,120.03,186.27,221.59800044224227
NGC7814,7.26,227.0,5.94,-1.38,115.88,172.25,207.60573522906344
NGC7814,8.37,226.0,3.0,5.96,113.5,160.83,196.93669160418025
NGC7814,9.5,223.0,3.92,11.22,109.97,151.12,187.23392774815147
NGC7814,10.65,219.0,2.9,16.09,105.99,142.79,178.55461993462953
NGC7814,11.74,216.0,2.55,18.57,102.02,136.04,171.0549820964008
NGC7814,12.82,214.0,2.55,19.07,97.84,130.19,163.9687976415025
NGC7814,14.01,214.0,3.07,17.78,93.27,124.54,156.60661831480814
NGC7814,15.09,214.0,3.61,20.16,89.43,120.01,151.01837835177545
NGC7814,16.18,214.0,4.46,23.24,85.93,115.89,146.13197665124494
NGC7814,17.36,214.0,5.07,23.44,82.48,111.88,140.95927922630705
NGC7814,18.44,214.0,4.78,23.34,79.67,108.55,136.65711470684576
NGC7814,19.53,214.0,4.87,22.64,77.35,105.49,132.75440557661352
PGC51017,0.33,20.5,4.17,5.04,10.8,0.0,11.918120657217731
PGC51017,0.99,19.9,1.82,10.8,19.85,0.0,22.59784281740184
PGC51017,1.65,19.3,1.69,12.3,20.13,0.0,23.590398470564246
PGC51017,2.31,18.8,1.9,12.7,18.24,0.0,22.22583181795453
PGC51017,2.97,18.2,1.74,13.3,16.21,0.0,20.967930274588383
PGC51017,3.63,18.3,2.22,14.2,14.5,0.0,20.29507329378241
UGC00128,1.25,34.1,18.8,1.71,29.4,0.0,29.44968760445516
UGC00128,3.75,78.4,6.54,4.27,49.15,0.0,49.3351335257137
UGC00128,6.25,96.9,2.44,7.23,50.52,0.0,51.03472641251249
UGC00128,8.76,108.0,1.26,11.57,51.47,0.0,52.7543912864133
UGC00128,11.25,113.0,1.0,13.37,53.63,0.0,55.271455562523414
UGC00128,13.74,114.0,0.86,16.66,57.25,0.0,59.62481111081192
UGC00128,16.22,121.0,0.68,23.15,57.75,0.0,62.2172403759601
UGC00128,18.71,126.0,0.55,30.33,55.23,0.0,63.01001348992079
UGC00128,21.3,128.0,0.63,35.52,52.6,0.0,63.46991728370221
UGC00128,23.79,129.0,0.61,39.51,50.52,0.0,64.13509569650614
UGC00128,26.28,129.0,0.65,42.0,47.75,0.0,63.592943790958444
UGC00128,28.77,131.0,0.73,44.9,45.88,0.0,64.19489387794016
UGC00128,31.25,131.0,0.83,45.1,43.92,0.0,62.95217549854811
UGC00128,33.74,131.0,0.75,43.0,42.1,0.0,60.178152181668054
UGC00128,36.23,127.0,1.24,42.3,40.43,0.0,58.51388638605369
UGC00128,38.82,126.0,1.4,42.4,38.83,0.0,57.493729223281385
UGC00128,41.31,130.0,1.62,41.7,37.43,0.0,56.034765101675944
UGC00128,43.8,132.0,2.01,40.21,36.18,0.0,54.09100202436631
UGC00128,46.28,134.0,2.1,38.81,35.02,0.0,52.27443447805055
UGC00128,48.77,129.0,2.66,37.11,33.97,0.0,50.31016795837597
UGC00128,51.26,132.0,4.67,35.72,33.04,0.0,48.65757906020397
UGC00128,53.75,125.0,5.95,34.72,32.1,0.0,47.28518161115594
UGC00191,0.62,29.9,1.42,1.81,21.8,0.0,21.87501085714016
UGC00191,0.87,34.4,2.31,2.95,28.35,0.0,28.50307001008839
UGC00191,1.12,46.3,2.05,4.13,31.91,0.0,32.17615576789745
UGC00191,1.37,49.8,1.87,5.34,34.28,0.0,34.693428772607646
UGC00191,1.62,57.6,2.76,6.6,35.59,0.0,36.196796819608224
UGC00191,2.3,71.3,7.5,10.14,39.66,0.0,40.93574477153188
UGC00191,4.97,76.65,1.09,23.98,41.54,0.0,47.96469534980911
UGC00191,7.45,81.0,0.63,33.08,37.03,0.0,49.6538749746684
UGC00191,9.98,83.85,1.04,33.72,31.94,0.0,46.44568871273199
UGC00634,4.51,69.75,4.15,19.36,43.61,0.0,47.714166659389534
UGC00634,9.01,97.7,1.63,33.73,40.02,0.0,52.33844953760094
UGC00634,13.51,108.0,0.99,39.28,33.41,0.0,51.56691284147229
UGC00634,18.01,107.5,2.32,36.27,28.28,0.0,45.99207866578766
UGC00731,0.91,29.6,2.38,0.8,7.82,0.0,7.8608142071925355
UGC00731,1.81,44.6,2.4,5.58,11.42,0.0,12.710342245588826
UGC00731,2.73,50.4,2.86,7.79,12.3,0.0,14.559330341743058
UGC00731,3.64,56.8,3.43,14.0,13.66,0.0,19.560051124677564
UGC00731,4.55,60.7,2.98,16.12,14.46,0.0,21.655161047657902
UGC00731,5.45,64.7,2.46,18.25,14.91,0.0,23.56630221311778
UGC00731,6.36,68.0,2.38,23.38,14.47,0.0,27.495550549134308
UGC00731,7.28,71.5,2.52,30.0,14.77,0.0,33.43879333947324
UGC00731,8.19,73.4,2.68,33.62,14.75,0.0,36.71330685187593
UGC00731,9.09,74.0,2.83,34.88,13.66,0.0,37.45944473694185
UGC00731,10.0,73.8,3.22,36.0,13.17,0.0,38.33339144923131
UGC00731,10.91,73.9,3.42,35.75,12.83,0.0,37.98251439807533
UGC00891,1.48,24.35,2.92,9.7,18.56,0.0,20.941910132554764
UGC00891,2.97,43.55,1.4,18.44,19.59,0.0,26.903562961065212
UGC00891,4.45,54.15,0.67,22.96,18.92,0.0,29.751100819969672
UGC00891,5.94,60.15,0.48,21.83,18.18,0.0,28.408824333294753
UGC00891,7.39,63.75,0.95,21.02,16.53,0.0,26.741004094835333
UGC01230,0.78,19.8,10.7,2.9,21.08,0.0,21.27854318321628
UGC01230,2.35,55.4,10.7,8.06,40.8,0.0,41.58850321903879
UGC01230,3.91,88.5,10.7,12.62,45.89,0.0,47.59366029210193
UGC01230,5.48,105.0,10.7,16.73,51.07,0.0,53.7404670616101
UGC01230,7.03,106.0,10.7,20.63,52.93,0.0,56.808289888008424
UGC01230,8.6,103.0,10.7,24.32,52.95,0.0,58.26804355733939
UGC01230,13.27,109.0,15.8,34.07,49.67,0.0,60.23183377583651
UGC01230,14.85,113.0,14.7,36.74,48.73,0.0,61.02819430394447
UGC01230,25.8,105.0,10.4,46.59,38.25,0.0,60.28010119434108
UGC01230,32.01,103.0,10.0,43.71,33.76,0.0,55.22953648185
UGC01230,36.54,103.0,10.0,39.61,31.2,0.0,50.42213898675858
UGC01281,0.08,1.41,4.0,-5.85,1.5,0.0,6.0392466417592185
UGC01281,0.23,4.46,4.0,-5.85,3.55,0.0,6.842879510849215
UGC01281,0.38,7.71,4.0,-0.98,5.31,0.0,5.399675916200897
UGC01281,0.54,11.0,4.0,-2.22,8.22,0.0,8.514505270419416
UGC01281,0.69,14.2,4.0,-3.47,10.22,0.0,10.793020893151278
UGC01281,0.84,17.2,5.78,-4.43,12.07,0.0,12.857285872220466
UGC01281,1.0,20.2,4.74,-5.15,13.91,0.0,14.832754295814382
UGC01281,1.15,23.2,4.0,-5.85,15.41,0.0,16.483039768198097
UGC01281,1.3,26.4,7.13,-1.76,16.74,0.0,16.832266632869143
UGC01281,1.46,29.3,4.38,2.33,17.86,0.0,18.011343647823725
UGC01281,1.61,31.6,4.94,5.46,18.77,0.0,19.54800501329995
UGC01281,1.76,34.6,4.0,7.63,19.16,0.0,20.62334841872192
UGC01281,1.92,37.4,7.09,9.79,19.52,0.0,21.837456353705665
UGC01281,2.07,39.9,4.0,11.26,19.66,0.0,22.656195620624395
UGC01281,2.22,42.2,4.37,12.73,19.81,0.0,23.547590110242705
UGC01281,2.38,44.4,4.58,13.9,19.88,0.0,24.25746070799662
UGC01281,2.53,46.7,5.91,14.68,20.02,0.0,24.82544662236714
UGC01281,2.68,48.5,7.72,15.47,19.97,0.0,25.26107281965673
UGC01281,2.76,49.3,9.73,15.76,19.92,0.0,25.400472436551254
UGC01281,3.07,53.0,4.0,16.84,19.61,0.0,25.848359715850442
UGC01281,3.46,54.1,4.0,18.3,19.28,0.0,26.58210676376122
UGC01281,3.83,55.0,4.0,18.5,18.95,0.0,26.48306062372701
UGC01281,4.23,55.7,4.0,18.21,18.54,0.0,25.987221859983418
UGC01281,4.62,56.4,4.0,19.58,18.33,0.0,26.820986186193824
UGC01281,4.99,56.9,4.0,20.46,18.23,0.0,27.403366581498705
UGC02023,0.76,15.1,8.69,0.58,17.55,0.0,17.559581430091097
UGC02023,1.51,28.0,8.69,10.02,30.38,0.0,31.989760861875787
UGC02023,2.27,37.6,8.69,14.0,35.0,0.0,37.69615364994153
UGC02023,3.03,47.9,8.69,14.92,36.8,0.0,39.70952530564927
UGC02023,3.78,58.8,8.69,19.48,36.55,0.0,41.41706049443876
UGC02259,1.02,56.1,3.4,4.05,24.58,0.0,24.911421075482625
UGC02259,2.04,71.1,3.0,7.98,36.06,0.0,36.93242477823518
UGC02259,3.05,80.7,1.5,14.47,40.35,0.0,42.866110157092635
UGC02259,4.07,82.8,1.5,19.07,42.21,0.0,46.31791230182984
UGC02259,5.09,83.7,1.5,21.9,39.32,0.0,45.007470491019596
UGC02259,6.11,86.0,1.5,24.6,37.93,0.0,45.20890288427712
UGC02259,7.13,88.3,2.3,26.68,36.09,0.0,44.881070620028666
UGC02259,8.14,90.0,3.0,25.72,33.53,0.0,42.25848198882681
UGC02455,0.5,16.9,3.64,2.1,41.15,0.0,41.20354960437268
UGC02455,1.0,23.9,3.64,6.14,64.58,0.0,64.87122628716062
UGC02455,1.51,28.2,3.64,11.02,77.99,0.0,78.76471608531322
UGC02455,2.01,33.0,3.64,15.45,76.28,0.0,77.82892071717299
UGC02455,2.52,39.1,3.64,19.59,75.05,0.0,77.56462209022874
UGC02455,3.02,43.8,3.64,23.74,73.51,0.0,77.24835079145703
UGC02455,3.52,53.1,3.64,27.22,69.5,0.0,74.64032690174929
UGC02455,4.03,61.0,3.64,29.76,65.25,0.0,71.71624711318907
UGC02487,9.93,377.0,10.3,-13.26,255.96,207.88,330.0082477757185
UGC02487,10.05,377.0,19.7,-13.37,257.66,206.72,330.60639875840275
UGC02487,10.35,378.0,10.8,-13.47,261.62,204.38,332.2614177120179
UGC02487,15.07,367.0,10.7,-11.85,272.35,172.87,322.7986708460864
UGC02487,20.09,364.0,6.67,13.97,269.96,151.39,309.82655567268597
UGC02487,25.12,375.0,6.19,27.34,262.34,134.72,296.174322992389
UGC02487,30.14,383.0,3.82,34.12,253.37,123.32,283.84565119092457
UGC02487,35.17,378.0,2.21,36.15,235.34,114.11,264.0318734547024
UGC02487,40.19,364.0,4.0,36.15,219.18,106.71,246.4421209939567
UGC02487,45.21,349.0,3.0,35.84,206.41,100.63,232.41340451875834
UGC02487,50.24,338.0,3.08,37.87,194.11,95.47,219.60726285803938
UGC02487,55.26,332.0,2.19,41.62,183.23,91.03,208.7867768801463
UGC02487,60.28,330.0,1.61,44.55,174.98,87.16,200.49830049155028
UGC02487,65.31,329.0,2.2,46.17,166.27,83.74,191.80659373441782
UGC02487,70.33,330.0,3.53,46.48,159.17,80.69,184.4081218384917
UGC02487,75.35,332.0,13.4,44.86,152.96,77.96,177.4456051864909
UGC02487,80.38,333.0,15.3,42.32,147.51,75.48,171.0187501416146
UGC02885,1.7,305.0,10.0,0.0,92.31,265.84,281.41080594035475
UGC02885,3.41,257.0,10.0,0.0,152.76,236.42,281.4783011175106
UGC02885,6.82,256.0,10.0,0.0,220.93,175.44,282.1156828324154
UGC02885,13.67,271.0,10.0,0.0,244.9,123.9,274.45804779601565
UGC02885,19.49,282.0,10.0,0.0,240.52,103.77,261.95053597960055
UGC02885,23.36,287.0,10.0,28.79,238.85,94.78,258.5757819286253
UGC02885,27.24,283.0,10.0,40.2,232.97,87.77,252.17976485039398
UGC02885,31.22,280.0,10.0,45.05,223.71,81.99,242.48304414948277
UGC02885,35.1,280.0,10.0,50.3,214.74,77.32,233.71294358678554
UGC02885,38.97,281.0,10.0,59.7,206.96,73.38,227.55473187784955
UGC02885,42.85,282.0,10.0,67.17,198.69,69.98,221.10342692957067
UGC02885,46.73,287.0,10.0,65.05,189.07,67.02,210.88064823496725
UGC02885,50.71,292.0,10.0,71.21,184.25,64.33,207.7432923104859
UGC02885,54.58,298.0,10.0,79.19,180.41,62.01,206.55281237494685
UGC02885,58.46,298.0,10.0,83.33,174.83,59.92,202.7309157479441
UGC02885,62.34,298.0,10.0,83.33,168.07,58.02,196.36123395415908
UGC02885,66.21,298.0,10.0,82.83,162.78,56.3,191.1225452425747
UGC02885,70.19,298.0,10.0,85.86,158.17,54.68,188.09463283145533
UGC02885,74.07,298.0,10.0,86.26,152.97,53.23,183.50488113399055
UGC02916,0.37,183.0,47.6,-2.62,11.2,123.59,124.12410120520511
UGC02916,0.74,196.0,40.7,-3.79,21.14,191.42,192.62107906457175
UGC02916,1.11,205.0,14.1,-4.87,30.05,218.87,220.97691350003058
UGC02916,1.48,211.0,7.89,-5.72,38.06,240.05,243.1157841440987
UGC02916,1.84,214.0,1.48,-6.31,45.23,258.74,262.7393320384293
UGC02916,2.21,214.0,1.5,-6.65,51.92,273.65,278.61125497725317
UGC02916,2.6,213.0,2.64,-6.69,58.41,280.2,286.3014568597233
UGC02916,2.96,211.0,4.5,-6.41,63.99,275.3,282.7116874131666
UGC02916,3.17,210.0,8.68,-6.08,66.97,274.94,283.0440794293355
UGC02916,3.33,209.0,3.0,-5.72,69.15,273.2,281.8735193309226
UGC02916,3.7,207.0,1.6,-4.34,74.09,268.56,278.62633992499707
UGC02916,4.07,206.0,1.73,0.84,78.64,262.81,274.32471871852886
UGC02916,4.44,205.0,3.45,5.14,83.02,255.92,269.0980980980728
UGC02916,4.81,205.0,2.77,7.67,87.31,248.41,263.41866505621806
UGC02916,5.18,206.0,7.48,9.9,90.63,241.01,257.67736998036906
UGC02916,5.55,207.0,5.02,12.08,91.17,233.88,251.31205641592288
UGC02916,5.92,208.0,7.7,14.21,91.98,227.13,245.4593273843958
UGC02916,6.28,210.0,1.95,16.44,93.75,220.9,240.53304575463224
UGC02916,6.34,210.0,4.78,16.75,94.14,219.93,239.81681967701934
UGC02916,6.65,212.0,1.96,18.67,96.53,214.9,236.3231258256373
UGC02916,7.03,214.0,0.76,20.8,99.17,209.22,232.46577662098994
UGC02916,7.39,215.0,2.22,22.73,101.39,204.19,229.1072698541013
UGC02916,7.77,216.0,1.76,24.56,103.08,199.24,225.66625268302747
UGC02916,8.14,217.0,1.53,26.28,105.18,194.76,222.9011628502642
UGC02916,8.51,218.0,7.7,27.91,106.86,190.42,220.13133375328465
UGC02916,8.88,218.0,6.86,29.33,108.2,186.31,217.43712884417877
UGC02916,9.25,218.0,8.37,30.55,109.65,182.7,215.25732275581242
UGC02916,9.52,218.0,3.93,31.16,110.49,180.08,213.55980918702846
UGC02916,9.62,218.0,4.05,31.36,110.78,179.14,212.94787531224628
UGC02916,9.99,217.0,20.2,32.17,111.77,175.79,210.78322015758275
UGC02916,10.4,217.0,4.2,33.08,112.69,172.23,208.46221576103426
UGC02916,10.71,216.0,3.16,34.0,113.45,169.76,206.99120778429213
UGC02916,11.12,215.0,6.72,35.01,114.16,166.6,204.97259743682812
UGC02916,12.67,212.0,1.82,39.99,115.88,156.1,198.48069049658204
UGC02916,12.98,211.0,16.6,41.0,116.15,154.24,197.3874365302919
UGC02916,15.86,209.0,8.38,52.47,115.82,139.51,188.76020078395763
UGC02916,19.05,215.0,13.2,66.17,112.66,127.33,182.43813581595268
UGC02916,22.14,215.0,13.9,76.32,108.18,118.11,177.41935322844574
UGC02916,25.34,210.0,10.6,79.67,102.95,110.4,170.68734985346748
UGC02916,28.53,196.0,12.8,78.35,97.69,104.04,162.807801410129
UGC02916,31.72,185.0,11.5,74.49,92.71,98.67,154.53049246022613
UGC02916,34.91,182.0,10.8,72.76,88.3,94.06,148.11546576910865
UGC02916,38.0,181.0,10.3,70.63,85.07,90.15,142.6622735694339
UGC02953,0.09,231.0,52.9,-0.75,12.18,80.49,81.4097967077673
UGC02953,0.17,231.0,27.9,-0.9,23.29,154.33,156.08005317784847
UGC02953,0.26,231.0,16.4,-0.97,35.2,203.79,206.8099248101986
UGC02953,0.34,231.0,11.9,-1.0,45.31,224.63,229.156350555685
UGC02953,0.43,232.0,8.04,-1.04,56.16,236.57,243.14685295105093
UGC02953,0.51,232.0,6.53,-1.11,65.37,243.18,251.81537165153364
UGC02953,0.6,232.0,4.75,-1.21,75.35,248.89,260.04868524951246
UGC02953,0.69,232.0,4.0,-1.34,84.97,252.61,266.5211222398705
UGC02953,0.77,233.0,5.69,-1.48,93.17,255.01,271.50126961029116
UGC02953,0.86,233.0,4.83,-1.64,102.03,256.4,275.95972622830305
UGC02953,0.95,234.0,10.8,-1.82,110.51,257.17,279.91459661832573
UGC02953,1.03,235.0,10.3,-2.0,117.74,258.4,283.96701850743153
UGC02953,1.11,235.0,10.6,-2.17,124.74,258.76,287.2655811265944
UGC02953,1.2,236.0,10.2,-2.35,132.45,259.47,291.33006350186383
UGC02953,1.29,237.0,10.6,-2.54,139.94,259.74,295.05003440094697
UGC02953,1.38,238.0,14.2,-2.73,147.1,259.48,298.28800394920347
UGC02953,1.46,238.0,14.1,-2.94,153.23,258.65,300.6458032303128
UGC02953,1.55,239.0,19.6,-3.15,159.87,257.13,302.7939502367905
UGC02953,1.63,240.0,17.8,-3.37,165.58,255.36,304.3629788591247
UGC02953,1.72,241.0,7.14,-3.59,171.83,252.89,305.76427047645706
UGC02953,1.8,242.0,11.9,-3.81,177.21,250.43,306.8111554360434
UGC02953,1.89,243.0,10.9,-4.02,183.03,247.35,307.73066762999105
UGC02953,1.98,244.0,17.6,-4.24,188.55,244.09,308.462328656191
UGC02953,2.07,246.0,11.4,-4.48,193.82,240.73,309.09091817780734
UGC02953,2.15,247.0,12.9,-4.72,198.33,237.68,309.59465386211053
UGC02953,2.23,248.0,15.4,-4.99,202.68,234.62,310.0816455387194
UGC02953,2.32,249.0,17.6,-5.25,207.44,231.17,310.64205285183135
UGC02953,2.4,251.0,24.0,-5.52,211.55,228.14,311.1779756023874
UGC02953,2.49,252.0,10.1,-5.8,216.16,224.74,311.87634280272044
UGC02953,2.58,253.0,12.0,-6.06,220.83,221.41,312.7698844198399
UGC02953,2.67,254.0,6.34,-6.31,225.64,218.17,313.9289324034979
UGC02953,2.75,256.0,6.22,-6.56,230.0,215.36,315.1554587818526
UGC02953,2.83,257.0,5.6,-6.82,234.46,212.6,316.57031446425924
UGC02953,2.92,259.0,8.73,-7.07,239.57,209.57,318.3761214350096
UGC02953,3.0,260.0,5.19,-7.31,243.97,206.96,320.01131011262714
UGC02953,3.09,262.0,11.0,-7.55,248.68,204.14,321.82586052087237
UGC02953,3.18,263.0,16.0,-7.78,252.98,201.42,323.46472017825994
UGC02953,3.27,264.0,13.1,-8.0,256.93,198.78,324.9469392070035
UGC02953,3.35,266.0,11.8,-8.21,260.17,196.48,326.1291514109096
UGC02953,3.43,267.0,12.7,-8.4,263.1,194.27,327.15898719124317
UGC02953,4.21,280.0,5.52,-9.93,282.25,175.61,332.56960098601917
UGC02953,4.29,282.0,2.35,-10.07,283.7,173.97,332.9454246569548
UGC02953,4.38,283.0,5.1,-10.2,285.12,172.2,333.24209578023004
UGC02953,4.47,285.0,4.61,-10.32,286.54,170.45,333.5639016740271
UGC02953,4.8,290.0,10.8,-10.66,290.98,164.51,334.4346514642285
UGC02953,5.25,296.0,2.85,-10.87,296.92,157.31,336.19351480955135
UGC02953,5.32,298.0,1.92,-10.98,297.8,156.27,336.4902870812173
UGC02953,5.41,299.0,4.29,-10.98,298.79,154.97,336.76657405389864
UGC02953,5.5,300.0,4.92,-10.87,299.65,153.7,336.9450539776478
UGC02953,5.58,301.0,2.24,-10.87,300.25,152.59,336.97466892928315
UGC02953,5.67,302.0,4.59,-10.87,300.59,151.39,336.7364505069209
UGC02953,5.76,303.0,5.07,-10.77,301.15,150.21,336.705152173233
UGC02953,6.0,306.0,7.89,-10.56,302.48,147.17,336.5481732233887
UGC02953,6.18,307.0,4.41,-10.25,303.22,145.01,336.26675571635093
UGC02953,6.27,308.0,3.2,-10.11,303.58,143.96,336.1361481602358
UGC02953,6.36,309.0,6.66,-9.94,303.97,142.94,336.0482228788006
UGC02953,6.45,310.0,5.83,-9.76,304.41,141.93,336.0131405168554
UGC02953,6.53,310.0,3.83,-9.58,304.83,141.06,336.0223636902758
UGC02953,6.61,311.0,2.41,-9.37,305.34,140.2,336.11955090413886
UGC02953,6.7,312.0,1.25,-9.15,306.03,139.26,336.3501612902839
UGC02953,6.79,312.0,3.61,-8.91,306.85,138.35,336.71506218166127
UGC02953,6.87,313.0,13.8,-8.64,307.19,137.53,336.68211505810643
UGC02953,6.96,313.0,4.58,-8.36,307.95,136.63,337.0027433122763
UGC02953,7.05,314.0,3.05,-8.05,308.63,135.75,337.26153338321876
UGC02953,7.2,315.0,1.38,-7.43,309.44,134.31,337.4129437351211
UGC02953,7.39,316.0,0.75,-6.59,309.73,132.58,336.9770873516477
UGC02953,7.47,316.0,8.57,-6.16,309.53,131.86,336.50234189378233
UGC02953,7.99,318.0,1.36,-2.38,307.52,127.53,332.92358838027684
UGC02953,8.08,318.0,16.0,-0.67,307.34,126.82,332.4780246873468
UGC02953,8.16,318.0,5.5,2.0,307.11,126.2,332.0346248510839
UGC02953,8.25,319.0,2.94,2.92,307.22,125.51,331.88162784342256
UGC02953,8.34,319.0,1.74,3.49,307.32,124.83,331.72321504531453
UGC02953,8.4,319.0,2.2,3.85,307.36,124.38,331.5951997541581
UGC02953,9.59,319.0,3.23,7.94,304.71,116.41,326.285941775002
UGC02953,10.8,317.0,4.08,12.02,299.89,109.7,319.55059458558355
UGC02953,12.02,312.0,2.62,17.77,298.77,103.98,316.84558731344197
UGC02953,13.22,308.0,0.76,22.79,295.36,99.15,312.3901986298546
UGC02953,14.42,303.0,1.86,24.88,287.38,94.93,303.6741406507969
UGC02953,15.63,298.0,1.34,24.46,274.79,91.19,290.55714033559735
UGC02953,16.83,296.0,1.41,24.25,262.23,87.87,277.6216351439491
UGC02953,18.03,294.0,1.15,25.92,253.58,84.9,268.66833233561414
UGC02953,19.23,294.0,0.59,28.33,245.5,82.21,260.44447200891017
UGC02953,20.43,294.0,0.5,31.05,237.34,79.76,252.30147779987337
UGC02953,21.64,292.0,1.21,33.56,229.62,77.5,244.65867652711603
UGC02953,22.84,290.0,1.21,34.91,222.49,75.43,237.50830111808727
UGC02953,24.04,287.0,0.81,34.6,215.84,73.53,230.63114815653154
UGC02953,25.24,283.0,1.08,32.72,209.67,71.76,224.01251058813656
UGC02953,26.44,279.0,1.87,31.05,203.93,70.11,217.86913388545887
UGC02953,27.65,276.0,1.55,30.52,198.57,68.56,212.2780933115803
UGC02953,28.85,273.0,1.9,30.21,193.62,67.12,207.1387044953212
UGC02953,30.05,271.0,1.12,30.0,189.02,65.76,202.36832261991995
UGC02953,31.25,270.0,1.41,30.73,184.73,64.49,198.06177293965638
UGC02953,32.34,268.0,1.76,31.88,181.07,63.39,194.4761460950931
UGC02953,33.55,267.0,1.81,33.03,177.28,62.24,190.76948629170232
UGC02953,34.75,266.0,2.18,33.45,173.75,61.15,187.20920783978548
UGC02953,35.95,265.0,3.01,33.24,170.44,60.13,183.76699404408834
UGC02953,37.15,264.0,2.04,32.93,167.32,59.15,180.49678612097225
UGC02953,38.35,264.0,1.58,32.82,164.38,58.21,177.44390916568537
UGC02953,39.56,264.0,3.23,33.03,161.57,57.32,174.58931296044437
UGC02953,40.76,264.0,2.94,33.76,158.94,56.47,172.01895854817863
UGC02953,41.96,264.0,1.62,34.29,156.44,55.65,169.54704420897463
UGC02953,43.16,264.0,2.15,34.29,154.06,54.87,167.09579468077587
UGC02953,44.36,262.0,4.45,34.08,151.79,54.13,164.71705254769464
UGC02953,45.57,260.0,7.43,34.39,149.61,53.4,162.5342554663478
UGC02953,46.77,258.0,7.22,34.81,147.54,52.71,160.49340111045066
UGC02953,47.97,257.0,5.37,34.81,145.56,52.05,158.45709892586066
UGC02953,49.17,258.0,5.43,34.6,143.67,51.41,156.46474682815932
UGC02953,50.37,260.0,6.47,34.6,141.84,50.79,154.58127215157728
UGC02953,51.58,263.0,5.75,34.6,140.1,50.2,152.79139373668923
UGC02953,52.78,265.0,5.54,34.18,138.41,49.62,150.95610255965144
UGC02953,53.98,266.0,4.43,33.56,136.79,49.07,149.14973214860294
UGC02953,55.18,266.0,4.71,33.14,135.22,48.53,147.43767802024013
UGC02953,57.59,262.0,5.28,32.72,132.24,47.5,144.2715009972517
UGC02953,59.99,263.0,4.7,31.36,129.47,46.54,141.10953936569987
UGC02953,62.39,272.0,5.04,30.52,126.87,45.64,138.24064850831684
UGC03205,0.28,107.0,30.2,-1.6,13.69,91.46,92.49274403973534
UGC03205,0.55,121.0,15.6,-2.32,26.0,143.82,146.16967811416976
UGC03205,0.83,134.0,8.69,-3.04,37.95,161.88,166.29665811434697
UGC03205,1.39,157.0,12.5,-4.39,60.02,171.18,181.4504475056482
UGC03205,1.65,168.0,11.7,-4.98,69.62,173.79,187.28243083642417
UGC03205,3.04,207.0,8.04,-7.06,115.86,156.1,194.52658738588923
UGC03205,3.32,213.0,6.53,-7.33,124.12,149.78,194.6626612887022
UGC03205,3.59,218.0,11.2,-7.54,132.68,144.22,196.11283078880894
UGC03205,3.87,222.0,6.05,-7.69,142.15,138.97,198.9432569855033
UGC03205,4.15,226.0,5.41,-7.79,153.48,134.27,204.07162321106773
UGC03205,4.43,229.0,5.96,-7.83,164.2,129.95,209.5470147723417
UGC03205,4.7,232.0,7.41,-7.81,172.5,126.18,213.8659358102641
UGC03205,4.97,234.0,6.1,-7.72,178.86,122.67,217.02171988075295
UGC03205,5.25,235.0,3.89,-7.58,184.4,119.35,219.7845283453774
UGC03205,5.52,236.0,9.03,-7.35,190.48,116.43,223.36651002332465
UGC03205,5.8,237.0,10.0,-7.05,196.76,113.55,227.2835290996688
UGC03205,6.08,237.0,7.36,-6.7,202.21,110.91,230.72668289558536
UGC03205,6.36,237.0,10.2,-6.27,207.12,108.43,233.86977615758732
UGC03205,6.63,236.0,10.4,-5.76,210.37,106.22,235.73587529266732
UGC03205,6.91,236.0,5.83,-5.16,212.88,104.02,236.99088674461726
UGC03205,7.19,235.0,5.43,-4.56,214.54,101.99,237.59243527519976
UGC03205,7.27,234.0,8.36,-4.39,214.82,101.43,237.6025029329447
UGC03205,7.46,234.0,7.88,-3.95,215.36,100.13,237.53220623738585
UGC03205,8.02,231.0,8.17,1.42,216.46,96.57,237.02892840326473
UGC03205,8.29,229.0,5.82,3.82,216.57,94.99,236.5169283582044
UGC03205,8.56,228.0,7.21,5.49,216.49,93.48,235.874056648882
UGC03205,8.84,226.0,18.2,7.01,215.92,91.98,234.7997165671202
UGC03205,9.12,224.0,9.11,8.51,215.26,90.56,233.68868457843652
UGC03205,9.69,221.0,5.56,11.96,213.03,87.86,230.74705220218956
UGC03205,12.11,216.0,3.21,24.01,197.34,78.59,213.76609600214906
UGC03205,14.58,220.0,1.89,33.03,180.81,71.62,197.26292454488248
UGC03205,14.68,220.0,7.66,33.34,180.14,71.38,196.61403713875566
UGC03205,15.2,221.0,9.52,34.96,176.93,70.15,193.51343364221515
UGC03205,15.5,221.0,13.6,35.77,175.4,69.47,192.01753513676817
UGC03205,15.71,221.0,8.15,36.68,174.35,69.0,191.06110253005448
UGC03205,16.02,221.0,4.11,37.49,172.9,68.33,189.65468356990291
UGC03205,16.32,221.0,5.37,38.3,171.46,67.7,188.27828233760792
UGC03205,16.53,221.0,5.06,39.11,170.51,67.27,187.42599899693744
UGC03205,16.84,221.0,11.4,39.92,169.21,66.64,186.1894736551989
UGC03205,16.94,221.0,2.56,40.33,168.81,66.45,185.8465159748764
UGC03205,19.4,218.0,1.7,47.22,157.9,62.09,176.1173089165287
UGC03205,21.77,216.0,1.13,52.28,148.59,58.61,168.06938626650603
UGC03205,24.23,215.0,1.77,54.82,138.99,55.56,159.40629253577163
UGC03205,26.69,212.0,2.47,55.53,130.82,52.94,151.6578283505339
UGC03205,29.06,208.0,1.44,54.01,124.32,50.73,144.7275903205743
UGC03205,31.52,209.0,2.88,51.78,118.54,48.71,138.2228783523191
UGC03205,36.34,220.0,4.09,47.22,109.34,45.37,127.44960141169528
UGC03205,40.04,220.0,6.32,42.76,103.66,43.22,120.17396390233618
UGC03546,0.63,262.0,73.6,-0.79,82.82,389.26,397.97377313084337
UGC03546,0.79,250.0,55.5,-0.85,98.9,366.12,379.24370383699187
UGC03546,0.95,241.0,42.9,-0.88,113.48,343.54,361.7985854035364
UGC03546,1.11,234.0,31.9,-0.87,126.74,322.48,346.49261882470165
UGC03546,1.27,228.0,28.8,-0.8,138.83,303.96,334.1647654975012
UGC03546,1.43,225.0,24.2,-0.68,149.76,286.96,323.68898900024385
UGC03546,1.59,222.0,12.2,-0.44,159.73,272.22,315.622551317234
UGC03546,1.9,221.0,6.34,0.78,176.94,249.03,305.49028282418413
UGC03546,2.06,221.0,12.2,1.08,185.04,239.17,302.3958612481328
UGC03546,2.22,222.0,16.9,1.32,192.44,230.43,300.2213864800441
UGC03546,2.38,222.0,26.0,1.56,199.32,222.52,298.74076789082534
UGC03546,2.79,221.0,13.1,2.09,211.11,205.57,294.67070621288434
UGC03546,2.86,221.0,11.8,2.18,212.46,203.04,293.886450181018
UGC03546,3.02,220.0,22.9,2.37,214.79,197.59,291.8598449598711
UGC03546,4.17,205.0,8.45,2.86,211.54,168.15,270.24391519514364
UGC03546,5.56,190.0,13.3,-1.54,194.36,145.62,242.86491224547032
UGC03546,6.96,190.0,8.87,-5.89,186.95,130.15,227.86842058521404
UGC03546,8.35,198.0,3.19,-6.18,182.36,118.83,217.7474015918445
UGC03546,9.73,204.0,2.56,5.96,181.71,110.08,212.53623714557477
UGC03546,11.14,204.0,1.09,14.87,174.04,102.88,202.7198384470548
UGC03546,12.51,201.0,0.57,22.04,166.83,97.08,194.27438559933734
UGC03546,13.88,203.0,0.75,28.09,161.75,92.17,188.2748509493501
UGC03546,15.35,202.0,0.89,32.2,157.11,87.64,182.75984706712796
UGC03546,16.72,198.0,1.58,34.45,151.02,83.97,176.1953569195284
UGC03546,18.08,195.0,1.5,34.96,144.44,80.75,169.13213089179715
UGC03546,19.45,194.0,2.16,34.55,137.88,77.86,162.07028259369451
UGC03546,20.92,192.0,6.21,33.63,131.28,75.07,154.9223037525585
UGC03546,22.92,190.0,3.14,31.78,123.21,71.72,146.06310588235485
UGC03546,25.02,191.0,14.6,29.63,116.76,68.65,138.6494031721738
UGC03546,29.23,193.0,18.6,26.35,106.8,63.51,127.02000866005324
UGC03580,0.11,56.2,28.5,-1.03,10.27,44.15,45.34044882883274
UGC03580,0.23,64.6,22.7,-1.23,20.21,75.69,78.35134395784159
UGC03580,0.34,70.2,17.2,-1.32,28.3,90.09,94.43961298099437
UGC03580,0.46,71.6,11.7,-1.38,36.17,97.29,103.80518965832104
UGC03580,0.57,71.0,11.3,-1.41,42.64,98.4,107.25072354068294
UGC03580,0.69,69.0,9.37,-1.36,48.95,99.3,110.7178490578642
UGC03580,0.8,67.7,6.23,-1.23,54.16,100.36,114.0480078738774
UGC03580,0.92,66.9,4.0,-0.91,59.24,100.84,116.95687795080715
UGC03580,1.03,66.6,3.1,0.49,63.4,101.52,119.69173112625616
UGC03580,1.14,66.8,3.02,1.27,67.15,100.91,121.21700994497431
UGC03580,1.26,67.4,3.09,1.89,70.78,99.65,122.24362151049027
UGC03580,1.37,68.3,2.71,2.47,73.73,97.83,122.52723248323207
UGC03580,1.49,69.6,2.75,2.98,76.63,95.14,122.19925081603405
UGC03580,1.61,71.2,2.61,3.52,79.45,92.26,121.80558484732956
UGC03580,1.71,72.9,4.09,4.06,81.6,89.85,121.44161601362194
UGC03580,1.83,74.9,6.17,4.62,83.69,87.09,120.87195125420952
UGC03580,1.94,77.0,7.74,5.19,85.04,84.69,120.12965412420033
UGC03580,2.06,79.2,5.36,5.77,86.25,82.25,119.32065160733912
UGC03580,2.18,81.4,6.34,6.34,87.49,79.96,118.69413338493187
UGC03580,2.29,83.6,2.03,6.95,88.91,78.04,118.50541000308804
UGC03580,2.4,85.7,1.94,7.56,90.4,76.26,118.51118596993282
UGC03580,2.52,87.8,1.7,8.2,91.9,74.41,118.53142241616777
UGC03580,2.63,89.7,2.16,8.89,92.95,72.86,118.43696298031287
UGC03580,2.75,91.4,1.88,9.58,93.65,71.23,118.05003939008238
UGC03580,2.86,92.8,3.36,10.31,93.97,69.85,117.54011868294161
UGC03580,2.98,94.1,1.4,11.11,94.1,68.43,116.8798827857044
UGC03580,3.09,95.2,5.51,11.94,93.98,67.21,116.15501754121514
UGC03580,3.2,96.1,6.23,12.77,93.74,66.06,115.38710543210622
UGC03580,4.52,97.4,2.3,19.31,88.08,55.57,105.91972148754924
UGC03580,4.69,96.9,11.7,19.73,87.36,54.55,104.8653660652553
UGC03580,6.03,96.8,2.3,22.95,81.5,48.11,97.3833897541054
UGC03580,7.53,105.0,1.02,26.37,76.78,43.05,91.89041190461603
UGC03580,8.58,110.0,7.12,28.87,73.0,40.33,88.2552310064395
UGC03580,8.7,110.0,5.26,29.07,72.69,40.05,87.93692910262445
UGC03580,8.82,110.0,5.16,29.38,72.31,39.78,87.60347538768083
UGC03580,9.03,111.0,0.82,29.9,71.64,39.31,87.01480161443799
UGC03580,9.05,111.0,7.81,29.9,71.58,39.27,86.94733635943082
UGC03580,10.53,112.0,1.43,33.33,67.3,36.41,83.46176969127842
UGC03580,12.07,112.0,1.21,36.03,63.57,34.0,80.59346003243688
UGC03580,13.58,114.0,1.35,37.9,59.74,32.06,77.67316911263502
UGC03580,15.09,118.0,1.36,39.04,56.25,30.41,74.91963827995968
UGC03580,16.6,122.0,1.44,39.66,53.26,29.0,72.460632070111
UGC03580,18.11,125.0,1.64,40.08,50.67,27.76,70.3169460372107
UGC03580,19.62,128.0,1.97,40.18,48.42,26.67,68.33899106659389
UGC03580,21.02,131.0,1.81,39.87,46.57,25.77,66.50168945222369
UGC03580,24.04,127.0,1.93,37.17,43.23,24.09,61.89321368292326
UGC03580,27.06,124.0,1.92,34.89,40.56,22.71,58.122025085160274
UGC04278,0.14,5.23,5.31,-0.97,4.32,0.0,4.427561405559499
UGC04278,0.42,15.4,7.78,0.23,11.34,0.0,11.342332211674986
UGC04278,0.69,24.4,4.0,3.77,17.59,0.0,17.989469141695093
UGC04278,0.97,32.1,4.0,5.25,23.49,0.0,24.06953676330311
UGC04278,1.25,34.6,4.0,5.18,27.96,0.0,28.4357873110628
UGC04278,1.52,37.9,4.0,-5.25,30.3,0.0,30.751463379813327
UGC04278,1.8,40.5,4.0,-9.36,30.65,0.0,32.047341543410425
UGC04278,2.07,43.0,4.0,-9.36,30.82,0.0,32.20996740141163
UGC04278,2.35,45.1,4.0,-7.81,31.07,0.0,32.03655724324947
UGC04278,2.63,45.6,4.0,-5.6,31.29,0.0,31.787168794971343
UGC04278,2.91,49.2,13.0,-4.88,31.96,0.0,32.33041911265612
UGC04278,3.19,50.3,4.0,-6.06,32.66,0.0,33.2174532437392
UGC04278,3.46,53.7,4.19,-7.65,33.34,0.0,34.20640437111156
UGC04278,3.74,58.0,7.53,-8.9,33.79,0.0,34.94243981178189
UGC04278,4.01,64.4,4.0,-9.52,33.93,0.0,35.24025113417894
UGC04278,4.29,67.5,4.0,-10.37,34.12,0.0,35.66106139755237
UGC04278,4.57,71.3,4.0,-8.76,34.51,0.0,35.604461799049844
UGC04278,4.85,75.6,4.0,1.41,34.99,0.0,35.01839802161144
UGC04278,5.13,80.0,4.0,9.52,35.27,0.0,36.532222762925336
UGC04278,5.4,82.8,4.0,17.13,35.21,0.0,39.15585524541636
UGC04278,5.68,84.8,15.7,23.98,35.26,0.0,42.6416228584232
UGC04278,5.86,86.3,16.8,27.31,35.38,0.0,44.694300531499536
UGC04278,6.36,90.2,8.07,36.83,34.91,0.0,50.74600476884855
UGC04278,6.51,91.3,4.0,39.02,34.54,0.0,52.11115043826993
UGC04278,6.69,92.8,8.75,38.64,34.02,0.0,51.48213282295131
UGC04305,0.25,3.17,3.22,-1.04,6.45,0.0,6.533306972735936
UGC04305,0.5,10.5,3.32,-3.35,13.17,0.0,13.589385563740548
UGC04305,0.75,17.5,4.47,4.05,18.27,0.0,18.713508489858334
UGC04305,1.0,22.7,4.96,4.85,24.79,0.0,25.25998020585131
UGC04305,1.26,29.7,5.29,6.16,29.98,0.0,30.606306539665972
UGC04305,1.5,34.5,4.7,7.83,30.56,0.0,31.54714725613078
UGC04305,1.76,36.0,3.51,8.37,30.97,0.0,32.08111282359139
UGC04305,2.01,37.3,3.45,8.4,29.96,0.0,31.11529527418951
UGC04305,2.26,35.6,3.57,10.27,30.04,0.0,31.74703923202918
UGC04305,2.51,34.9,3.88,11.89,31.48,0.0,33.65059434839153
UGC04305,2.76,32.7,3.27,15.11,33.07,0.0,36.3584515621884
UGC04305,3.01,32.8,3.21,17.63,34.11,0.0,38.39673163174178
UGC04305,3.27,33.2,3.21,19.74,33.92,0.0,39.245815063519835
UGC04305,3.51,32.1,3.23,22.06,33.27,0.0,39.91912448939731
UGC04305,3.76,30.1,3.16,23.37,32.39,0.0,39.94081871970078
UGC04305,4.02,32.3,3.16,24.68,31.18,0.0,39.76549760785095
UGC04305,4.26,33.6,3.12,25.38,30.16,0.0,39.41788933974015
UGC04305,4.52,35.1,3.12,25.99,29.51,0.0,39.323278093261756
UGC04305,4.77,35.3,3.12,26.59,29.25,0.0,39.529616744916716
UGC04305,5.02,35.2,3.13,26.9,29.1,0.0,39.62852507979574
UGC04305,5.27,34.6,3.11,27.2,28.04,0.0,39.065094393844745
UGC04305,5.52,33.0,3.11,27.3,26.8,0.0,38.25611062301028
UGC04325,0.7,41.3,3.05,2.87,20.97,0.0,21.16548605631347
UGC04325,1.4,68.7,3.07,6.75,32.22,0.0,32.91946080967912
UGC04325,2.09,83.8,3.05,14.14,40.91,0.0,43.284728253738635
UGC04325,2.79,88.7,3.05,20.18,46.75,0.0,50.91949430228073
UGC04325,3.49,90.1,3.05,24.08,50.1,0.0,55.58647677268276
UGC04325,4.19,91.6,3.05,26.71,49.34,0.0,56.10579025376971
UGC04325,4.89,92.7,3.05,28.08,47.94,0.0,55.558347707612754
UGC04325,5.59,91.5,3.05,29.25,45.47,0.0,54.06554725516057
UGC04483,0.08,5.11,2.79,1.47,3.91,0.0,4.177200019151585
UGC04483,0.24,10.8,1.94,4.46,8.92,0.0,9.972863179649062
UGC04483,0.4,17.3,1.56,7.28,9.95,0.0,12.328864505703677
UGC04483,0.57,20.8,1.25,9.38,9.7,0.0,13.493494728942537
UGC04483,0.73,20.8,1.62,10.63,9.13,0.0,14.012630017238022
UGC04483,0.89,22.9,1.76,11.34,8.44,0.0,14.136095642008085
UGC04483,1.05,24.3,2.23,11.95,7.79,0.0,14.26487294019824
UGC04483,1.21,24.2,1.23,12.36,7.22,0.0,14.3142586255803
UGC04499,0.91,26.0,4.1,-3.26,30.14,0.0,30.315791264619833
UGC04499,1.82,45.1,3.02,5.75,35.45,0.0,35.91329837260844
UGC04499,2.73,57.0,2.97,15.79,36.37,0.0,39.64972887675274
UGC04499,3.63,62.0,2.85,22.36,38.25,0.0,44.306118087686265
UGC04499,4.55,66.9,2.75,25.59,37.1,0.0,45.06948080464207
UGC04499,5.45,70.6,2.86,27.95,35.74,0.0,45.371247503237115
UGC04499,6.37,72.8,2.66,28.63,34.29,0.0,44.670807022036215
UGC04499,7.28,73.3,2.66,31.18,33.63,0.0,45.86032381045734
UGC04499,8.18,74.3,2.67,32.26,33.14,0.0,46.248969718254266
UGC05005,0.78,14.5,8.1,3.09,15.78,0.0,16.07969216123244
UGC05005,2.34,32.6,26.8,8.01,29.57,0.0,30.635681810594654
UGC05005,3.91,48.6,11.3,11.69,39.92,0.0,41.59642412515768
UGC05005,5.47,58.1,6.1,14.84,44.43,0.0,46.84282762600909
UGC05005,7.04,65.9,8.71,17.28,44.27,0.0,47.52295550573428
UGC05005,8.6,72.5,12.2,20.43,44.23,0.0,48.72040434971778
UGC05005,10.17,78.6,28.4,23.88,42.94,0.0,49.13347127977016
UGC05005,17.97,97.1,10.0,35.26,33.89,0.0,48.90602928065209
UGC05005,21.07,99.4,10.0,36.58,30.93,0.0,47.90366687425922
UGC05005,22.72,100.0,10.0,37.09,29.59,0.0,47.447193805324254
UGC05005,28.61,99.1,10.0,39.02,25.82,0.0,46.78923807885741
UGC05253,0.13,232.0,33.4,-2.47,8.23,149.99,150.2359274607775
UGC05253,0.25,233.0,16.9,-2.73,15.54,220.78,221.34306607617054
UGC05253,0.38,234.0,14.6,-2.63,23.07,253.99,255.04913624633195
UGC05253,0.51,235.0,10.6,-2.41,30.21,269.15,270.85083477811173
UGC05253,0.63,236.0,9.12,-2.13,36.51,276.27,278.68015699005196
UGC05253,0.76,237.0,10.3,-1.79,43.02,278.6,281.90758148726684
UGC05253,0.89,238.0,9.95,-1.58,49.25,279.31,283.62322718705536
UGC05253,1.01,239.0,3.51,-1.03,54.76,280.44,285.73818803233144
UGC05253,1.14,240.0,3.18,0.66,60.48,280.12,286.57543579309095
UGC05253,1.27,240.0,5.19,1.42,65.96,277.94,285.663056064308
UGC05253,1.39,241.0,3.54,1.91,70.82,277.61,286.50729938345376
UGC05253,1.52,242.0,2.6,2.31,75.88,276.52,286.75149677028713
UGC05253,1.65,242.0,1.75,2.69,80.73,274.47,286.1089825573465
UGC05253,1.77,243.0,1.94,3.02,85.03,272.42,285.39775349501264
UGC05253,1.9,244.0,3.09,3.34,89.52,270.29,284.74843300710194
UGC05253,2.03,244.0,1.6,3.66,93.85,268.35,284.31134447995566
UGC05253,2.16,244.0,3.0,3.96,97.99,266.67,284.1313263264014
UGC05253,2.28,245.0,2.19,4.26,101.66,265.58,284.4040077073458
UGC05253,2.41,245.0,3.01,4.56,105.49,264.78,285.05680504067954
UGC05253,2.54,246.0,2.64,4.87,109.17,264.37,286.065207076988
UGC05253,2.66,246.0,2.38,5.17,112.45,264.0,286.9977898869606
UGC05253,2.79,246.0,3.72,5.46,115.87,263.68,288.06737215450136
UGC05253,2.92,247.0,3.54,5.76,119.17,263.16,288.9426450006991
UGC05253,3.04,247.0,3.74,6.05,122.1,262.58,289.64334775720295
UGC05253,3.17,247.0,5.11,6.34,125.13,261.72,290.1638690464407
UGC05253,3.3,247.0,3.63,6.65,128.05,260.64,290.47243345970026
UGC05253,3.42,247.0,3.84,6.94,130.65,259.42,290.54487174961463
UGC05253,3.55,248.0,5.12,7.23,133.35,257.92,290.4431472767089
UGC05253,3.68,248.0,2.77,7.53,135.94,256.73,290.5971049408442
UGC05253,3.8,248.0,3.24,7.83,138.27,255.39,290.52358578951896
UGC05253,3.93,248.0,6.79,8.14,140.68,253.66,290.1732544532662
UGC05253,4.06,248.0,8.39,8.44,143.0,251.85,289.7389447416415
UGC05253,4.18,248.0,2.73,8.74,145.04,249.97,289.1331701828761
UGC05253,4.31,248.0,13.7,9.04,147.17,247.82,288.36692407417326
UGC05253,4.44,248.0,4.89,9.34,149.24,245.63,287.5654883674326
UGC05253,4.56,248.0,5.71,9.66,151.08,243.5,286.72413920003316
UGC05253,4.69,248.0,15.1,9.96,152.98,241.12,285.728781189435
UGC05253,4.82,248.0,10.5,10.27,154.8,238.76,284.73645797473847
UGC05253,4.94,248.0,1.58,10.63,156.43,236.51,283.76102956537216
UGC05253,4.99,248.0,4.77,10.73,157.09,235.57,283.34718262230876
UGC05253,5.07,248.0,4.36,10.94,158.13,234.04,282.6649997788902
UGC05253,5.2,248.0,8.45,11.25,159.77,231.52,281.5218034184919
UGC05253,5.45,247.0,8.25,11.88,162.71,226.76,279.348843026063
UGC05253,5.58,247.0,2.34,12.19,164.01,224.24,278.0853354637745
UGC05253,5.7,247.0,2.34,12.5,165.02,222.01,276.90484015271386
UGC05253,5.83,247.0,6.13,12.81,165.84,219.54,275.4356790613736
UGC05253,6.47,247.0,6.89,14.58,169.31,208.79,269.2057142781334
UGC05253,6.59,246.0,5.95,14.9,170.15,206.9,268.2920843036559
UGC05253,6.66,246.0,2.29,15.11,170.65,205.85,267.81328775846805
UGC05253,6.72,246.0,4.73,15.31,171.08,204.88,267.3547772155942
UGC05253,6.85,246.0,3.02,15.63,172.07,202.98,266.5581778899308
UGC05253,6.97,246.0,5.81,16.04,173.03,201.26,265.8989471585023
UGC05253,7.1,246.0,6.32,16.36,174.15,199.41,265.2550097547641
UGC05253,7.23,246.0,8.92,16.67,175.27,197.66,264.70160067517537
UGC05253,8.32,246.0,2.13,19.69,182.58,184.24,260.1298331602894
UGC05253,10.0,245.0,2.18,23.65,183.56,168.07,250.00224198994695
UGC05253,11.61,245.0,0.94,26.98,182.9,155.97,241.88214340872707
UGC05253,13.35,246.0,2.02,29.27,173.27,145.45,228.11165752762395
UGC05253,14.98,245.0,1.33,30.52,164.53,137.31,216.4616072193866
UGC05253,16.61,245.0,1.36,32.19,157.52,130.4,207.00943577528056
UGC05253,18.34,245.0,1.59,34.17,152.73,124.1,199.7369565203195
UGC05253,19.97,245.0,2.03,36.46,150.07,118.93,194.92224449764578
UGC05253,21.6,245.0,2.36,38.96,146.26,114.35,189.69921375693679
UGC05253,23.33,244.0,4.61,41.25,143.04,110.03,185.11781383756667
UGC05253,26.7,243.0,10.6,44.17,136.92,102.85,176.8507783415159
UGC05253,29.95,239.0,17.0,44.8,130.32,97.11,168.58438391499968
UGC05253,33.32,231.0,18.3,44.07,123.68,92.07,160.36144237315904
UGC05253,36.68,219.0,12.1,44.17,117.57,87.75,153.21147574512818
UGC05253,39.94,210.0,7.5,43.75,111.91,84.09,146.65960145861573
UGC05253,43.3,210.0,3.56,43.34,107.39,80.76,141.18479131974522
UGC05253,46.67,212.0,2.64,44.9,104.0,77.79,137.4164986455411
UGC05253,49.92,213.0,6.5,46.88,101.06,75.22,134.42063234488967
UGC05253,53.29,218.0,6.53,47.82,96.26,72.8,129.81748726577632
UGC05414,0.68,20.5,2.47,1.03,19.12,0.0,19.147723102238555
UGC05414,1.37,34.6,2.45,11.15,29.14,0.0,31.20035416465653
UGC05414,2.05,46.0,2.45,16.87,32.19,0.0,36.34271591392146
UGC05414,2.74,51.8,2.46,20.26,33.36,0.0,39.03020881317444
UGC05414,3.42,56.8,2.44,21.81,33.94,0.0,40.343521165113984
UGC05414,4.11,61.4,2.44,23.37,34.3,0.0,41.50478165223857
UGC05716,1.03,39.15,4.06,3.65,21.66,0.0,21.96538413049041
UGC05716,2.07,49.15,1.65,7.45,27.59,0.0,28.578148995342577
UGC05716,3.09,55.05,0.6,11.19,26.88,0.0,29.116155309381078
UGC05716,4.13,59.35,0.41,14.76,25.3,0.0,29.290742564844614
UGC05716,5.16,63.85,0.46,18.24,24.0,0.0,30.144611458766555
UGC05716,6.2,68.2,0.86,21.81,21.76,0.0,30.808662742806607
UGC05716,7.23,71.7,1.07,25.2,19.92,0.0,32.12236603987944
UGC05716,8.26,73.5,1.07,27.64,18.42,0.0,33.21544821314323
UGC05716,9.28,73.15,1.0,28.96,17.21,0.0,33.68776780969615
UGC05716,10.34,72.5,0.74,29.43,16.16,0.0,33.57484921782971
UGC05716,11.4,73.0,1.07,28.96,15.29,0.0,32.748522104058374
UGC05716,12.37,74.7,2.09,27.83,14.6,0.0,31.427200002545565
UGC05721,0.09,16.5,4.57,1.23,16.63,0.0,16.6754250320644
UGC05721,0.27,38.5,6.88,3.67,32.22,0.0,32.42834099981064
UGC05721,0.45,47.4,4.57,5.99,40.27,0.0,40.713056873686114
UGC05721,0.63,55.5,4.57,8.14,43.48,0.0,44.23539306935115
UGC05721,0.81,56.4,5.45,10.08,44.07,0.0,45.20808887798731
UGC05721,0.99,59.8,4.57,11.72,43.71,0.0,45.253977725720425
UGC05721,1.17,67.8,4.57,13.25,44.14,0.0,46.08581235044035
UGC05721,1.35,76.4,4.57,15.37,42.83,0.0,45.50434924268228
UGC05721,1.53,81.2,4.57,18.44,40.98,0.0,44.93766794127172
UGC05721,1.71,82.2,19.2,21.32,38.82,0.0,44.28921764944601
UGC05721,1.89,82.6,4.57,22.09,36.95,0.0,43.049629498986405
UGC05721,2.07,82.3,4.57,20.36,35.17,0.0,40.63814095157405
UGC05721,2.25,82.1,4.57,17.96,33.75,0.0,38.23119276193198
UGC05721,2.67,81.4,4.57,18.44,30.81,0.0,35.906680436932625
UGC05721,3.15,79.3,4.57,20.36,27.99,0.0,34.611698889248416
UGC05721,3.61,78.5,4.57,20.55,25.88,0.0,33.04658681316423
UGC05721,4.04,78.2,4.57,20.74,24.31,0.0,31.955026208720277
UGC05721,4.49,78.1,4.57,21.71,22.96,0.0,31.598824345218922
UGC05721,4.93,78.2,4.57,23.34,21.83,0.0,31.957855059437264
UGC05721,5.38,78.3,4.57,24.59,20.85,0.0,32.23958126278938
UGC05721,5.86,78.6,4.57,24.78,19.94,0.0,31.806477327739394
UGC05721,6.28,78.9,4.57,24.59,19.24,0.0,31.22251911681695
UGC05721,6.74,79.5,4.57,24.59,18.55,0.0,30.802120056905174
UGC05750,0.31,3.1,4.5,1.0,4.05,0.0,4.17163037672323
UGC05750,1.47,15.7,8.5,4.69,16.67,0.0,17.317187993435887
UGC05750,2.52,28.0,10.0,7.69,21.39,0.0,22.73033655712119
UGC05750,3.35,36.0,11.0,9.58,24.52,0.0,26.325022317179524
UGC05750,4.09,43.6,4.5,11.47,24.68,0.0,27.21512998315459
UGC05750,4.82,49.8,4.5,13.0,26.85,0.0,29.831568849123578
UGC05750,6.6,61.5,4.5,16.38,35.05,0.0,38.68858875689316
UGC05750,7.86,68.1,12.2,18.53,38.67,0.0,42.880412777863974
UGC05750,9.43,73.4,12.2,20.89,42.63,0.0,47.473245096580456
UGC05750,11.43,77.6,11.0,23.34,39.29,0.0,45.69966848895077
UGC05750,22.85,78.9,11.0,36.96,26.56,0.0,45.51346174485083
UGC05764,0.36,21.45,1.99,2.75,5.37,0.0,6.033191526878622
UGC05764,0.73,31.3,1.58,6.05,10.22,0.0,11.87648517028502
UGC05764,1.09,41.7,1.16,9.4,11.44,0.0,14.806539095953518
UGC05764,1.45,48.35,0.44,12.81,11.24,0.0,17.042115479012576
UGC05764,1.81,50.6,0.37,16.05,11.43,0.0,19.703994518878655
UGC05764,2.17,54.05,0.59,18.46,11.43,0.0,21.712127947301713
UGC05764,2.54,55.8,0.76,20.04,11.39,0.0,23.05067677965226
UGC05764,2.9,54.55,0.71,20.71,11.38,0.0,23.63066863209757
UGC05764,3.26,50.0,2.65,20.29,11.12,0.0,23.137383170963822
UGC05764,3.62,49.9,2.77,19.63,11.17,0.0,22.585521911171323
UGC05829,0.63,14.8,5.06,-2.24,7.48,0.0,7.808200817089684
UGC05829,1.26,27.2,5.06,-3.7,13.07,0.0,13.5836261727125
UGC05829,1.88,34.1,5.06,3.88,16.73,0.0,17.1740298124814
UGC05829,2.52,38.8,5.06,-2.84,19.07,0.0,19.2803137941269
UGC05829,3.14,42.8,5.06,11.17,20.36,0.0,23.222801295278742
UGC05829,3.77,47.9,5.06,17.24,21.25,0.0,27.36384658632627
UGC05829,4.4,51.9,5.06,20.77,21.39,0.0,29.814845295590583
UGC05829,5.03,57.6,5.06,26.16,21.32,0.0,33.74741471579712
UGC05829,5.65,60.7,5.06,31.16,20.9,0.0,37.52006929631128
UGC05829,6.29,65.6,5.06,33.7,20.41,0.0,39.398706831569996
UGC05829,6.91,68.6,5.06,34.59,20.24,0.0,40.076498100507735
UGC05918,0.56,16.9,3.93,3.56,6.92,0.0,7.782030583337488
UGC05918,1.11,27.4,3.93,3.93,11.04,0.0,11.718638999474297
UGC05918,1.67,33.5,3.93,3.56,13.76,0.0,14.213064412715505
UGC05918,2.23,36.4,3.93,8.55,16.36,0.0,18.459471823429833
UGC05918,2.79,39.8,3.93,12.27,16.13,0.0,20.266469845535507
UGC05918,3.34,41.2,3.93,12.47,16.4,0.0,20.602448883567217
UGC05918,3.9,42.6,3.93,13.27,17.86,0.0,22.250224717966333
UGC05918,4.46,44.5,3.93,15.66,16.94,0.0,23.069442992842287
UGC05986,0.63,29.5,2.53,-2.22,32.45,0.0,32.52584971987665
UGC05986,1.26,50.8,3.76,-8.54,43.44,0.0,44.27149421467497
UGC05986,1.88,68.2,2.58,-2.13,53.72,0.0,53.76221070603403
UGC05986,2.51,84.3,2.28,8.88,65.57,0.0,66.168567311073
UGC05986,3.13,95.3,2.01,11.55,69.99,0.0,70.93660973009635
UGC05986,3.77,106.0,3.58,16.04,70.54,0.0,72.34067458905814
UGC05986,4.39,112.0,4.25,20.82,71.78,0.0,74.73848272476502
UGC05986,5.02,115.0,3.18,24.3,71.41,0.0,75.43128064669192
UGC05986,5.65,116.0,2.32,25.4,67.79,0.0,72.3922930980916
UGC05986,6.28,116.0,2.01,24.6,64.52,0.0,69.05063649235971
UGC05986,6.9,116.0,2.28,25.5,61.11,0.0,66.21693212464619
UGC05986,7.54,114.0,3.05,25.7,56.38,0.0,61.961233041313825
UGC05986,8.16,112.0,3.69,24.6,53.17,0.0,58.585056968479606
UGC05986,8.79,109.0,5.1,24.9,50.65,0.0,56.43963589535283
UGC05986,9.41,107.0,6.39,27.79,48.55,0.0,55.94092062167014
UGC05999,3.48,46.2,5.0,13.28,38.73,0.0,40.94351352778606
UGC05999,6.94,81.1,5.0,23.37,40.0,0.0,46.32663272891739
UGC05999,10.42,91.2,5.0,31.3,39.75,0.0,50.59399667944805
UGC05999,13.89,97.7,5.0,35.52,35.72,0.0,50.37448560531413
UGC05999,16.22,100.0,5.0,46.95,33.5,0.0,57.67627328460119
UGC06399,0.87,24.8,6.5,2.79,20.37,0.0,20.560179960301905
UGC06399,1.74,46.2,5.6,5.75,32.61,0.0,33.1130578473206
UGC06399,2.61,60.5,5.8,9.11,37.1,0.0,38.202121668828816
UGC06399,3.5,69.6,3.9,13.36,42.69,0.0,44.73170799332393
UGC06399,4.37,77.5,3.7,16.6,44.26,0.0,47.27057858753159
UGC06399,5.24,82.9,4.5,20.91,44.12,0.0,48.824199942241755
UGC06399,6.11,84.1,4.9,23.38,43.61,0.0,49.48188052206585
UGC06399,6.98,85.6,4.9,23.92,43.31,0.0,49.47648431325735
UGC06399,7.85,87.6,4.9,25.86,40.62,0.0,48.1531307393403
UGC06446,0.58,31.3,6.3,0.0,21.35,0.0,21.35
UGC06446,1.16,54.8,5.8,2.75,29.36,0.0,29.4885079310568
UGC06446,1.74,61.1,4.1,6.18,30.8,0.0,31.413888648175988
UGC06446,2.33,63.9,4.1,7.45,31.81,0.0,32.670760627815206
UGC06446,2.91,67.2,4.1,14.25,31.67,0.0,34.72825074777018
UGC06446,3.49,70.4,3.6,16.89,31.97,0.0,36.15733673820571
UGC06446,4.07,73.7,3.6,15.31,32.15,0.0,35.609248798591636
UGC06446,4.65,78.0,4.1,18.83,31.31,0.0,36.53607805991223
UGC06446,5.23,80.8,4.1,23.23,29.91,0.0,37.871374413929054
UGC06446,5.81,80.5,3.6,26.13,28.44,0.0,38.62137361617269
UGC06446,6.4,81.3,3.6,28.95,27.55,0.0,39.96379611598478
UGC06446,6.98,82.1,4.6,31.41,26.52,0.0,41.10837505910444
UGC06446,7.62,82.8,4.6,34.05,25.42,0.0,42.492103972385266
UGC06446,8.28,84.9,5.5,34.49,24.36,0.0,42.225225872693684
UGC06446,8.9,84.3,5.5,32.03,23.44,0.0,39.69073569486965
UGC06446,9.52,83.2,7.0,32.29,22.66,0.0,39.44768307518199
UGC06446,10.22,80.1,10.8,33.08,21.62,0.0,39.51848681313595
UGC06614,3.23,194.0,16.7,-7.97,37.15,248.5,251.3879340779903
UGC06614,9.18,172.0,8.1,-15.63,83.53,176.71,196.08156950616242
UGC06614,10.64,170.0,10.7,-16.24,92.09,164.32,189.06445488245535
UGC06614,11.58,170.0,6.8,-16.14,99.29,157.52,186.89985045472886
UGC06614,12.52,171.0,6.8,-16.04,107.74,151.54,186.62679550375395
UGC06614,13.57,172.0,12.1,-16.04,120.8,145.51,189.79747548373766
UGC06614,15.76,174.0,19.6,-15.53,131.65,135.02,189.21760964561412
UGC06614,24.94,193.0,23.2,18.69,111.71,107.35,156.05275614355548
UGC06614,26.3,194.0,23.0,21.04,108.26,104.53,151.9520651389773
UGC06614,34.96,201.0,7.2,34.22,92.64,90.67,134.0679935704268
UGC06614,36.84,202.0,17.1,37.39,88.8,88.32,130.70529637317685
UGC06614,47.38,205.0,16.0,54.35,75.25,77.88,121.1683927433223
UGC06614,64.59,204.0,16.0,61.29,63.17,66.7,110.43460961129894
UGC06628,1.1,26.9,8.27,3.02,29.07,0.0,29.22644863817703
UGC06628,2.2,38.0,8.27,-3.24,37.16,0.0,37.30098122033789
UGC06628,3.3,40.5,8.27,12.42,41.22,0.0,43.05049128639533
UGC06628,4.39,41.4,8.27,16.39,45.0,0.0,47.89187926987205
UGC06628,5.5,42.3,8.27,20.17,46.13,0.0,50.34685491666784
UGC06628,6.59,42.3,8.27,25.63,47.72,0.0,54.16728994513201
UGC06628,7.69,42.3,8.27,31.39,46.74,0.0,56.30239515331475
UGC06667,0.87,26.6,4.4,0.0,6.92,0.0,6.92
UGC06667,1.74,45.2,2.7,0.0,10.96,0.0,10.96
UGC06667,2.61,57.0,3.9,8.65,14.33,0.0,16.738321301731546
UGC06667,3.5,69.3,3.0,16.06,16.78,0.0,23.226967085695886
UGC06667,4.37,77.3,3.4,18.32,18.48,0.0,26.021775496687386
UGC06667,5.24,80.7,3.9,22.41,20.02,0.0,30.05009983344481
UGC06667,6.11,84.0,3.0,23.49,21.36,0.0,31.749483460365145
UGC06667,6.98,85.0,3.0,25.65,22.68,0.0,34.23893835970969
UGC06667,7.85,85.7,3.4,24.46,24.0,0.0,34.26793836810146
UGC06786,0.16,160.0,36.0,-1.22,8.07,119.49,119.76841570297238
UGC06786,0.32,177.0,30.9,-1.2,15.74,184.15,184.82535026343112
UGC06786,0.49,180.0,25.3,-1.08,23.42,201.67,203.028204198333
UGC06786,0.65,180.0,32.0,-0.96,30.3,207.64,209.84132386162642
UGC06786,1.3,182.0,4.72,-0.33,55.43,203.18,210.60557020173994
UGC06786,1.46,183.0,10.8,0.44,61.06,200.04,209.1519036489986
UGC06786,1.62,184.0,7.43,0.74,66.51,196.81,207.74576722523136
UGC06786,3.72,206.0,8.42,4.94,126.3,147.67,194.3772684755087
UGC06786,3.89,207.0,4.54,5.38,130.52,144.55,194.830996763862
UGC06786,4.05,209.0,5.36,5.86,134.47,141.56,195.33497920239478
UGC06786,4.22,210.0,2.43,6.37,138.94,138.76,196.46688804986962
UGC06786,4.26,210.0,4.6,6.53,140.05,138.12,196.80898810775895
UGC06786,4.38,211.0,2.8,6.92,143.43,136.21,197.92224584416982
UGC06786,4.54,213.0,2.18,7.46,148.24,133.79,199.82620774062644
UGC06786,4.71,214.0,7.61,7.98,153.86,131.35,202.45839696095592
UGC06786,4.86,215.0,4.7,8.49,158.53,129.31,204.75574985821524
UGC06786,5.02,215.0,2.34,9.0,162.82,127.24,206.8365780030215
UGC06786,5.18,216.0,2.95,9.51,166.08,125.27,208.2440380899295
UGC06786,5.35,217.0,4.48,10.02,168.84,123.26,209.28538792758565
UGC06786,5.51,217.0,3.99,10.53,170.67,121.46,209.74189233436414
UGC06786,5.68,218.0,5.14,11.06,171.8,119.61,209.6285183366042
UGC06786,5.84,218.0,2.51,11.59,172.47,117.97,209.27768610150486
UGC06786,6.0,219.0,3.95,12.13,172.94,116.4,208.8165235320232
UGC06786,6.15,219.0,7.84,12.55,173.44,114.95,208.45248523344594
UGC06786,6.48,219.0,7.74,13.72,174.41,111.99,207.72300450359367
UGC06786,6.64,219.0,6.69,14.25,174.58,110.63,207.17199569439882
UGC06786,6.81,220.0,6.26,14.68,174.53,109.24,206.42093135144992
UGC06786,7.1,220.0,2.52,15.64,174.07,106.99,204.9190928147009
UGC06786,7.13,220.0,11.4,15.74,173.95,106.76,204.70478182006397
UGC06786,8.52,220.0,2.93,20.1,162.17,97.67,190.37475620470272
UGC06786,10.66,225.0,1.79,25.95,149.89,87.32,175.40010547317237
UGC06786,11.99,228.0,5.71,28.72,144.35,82.33,168.64160162901678
UGC06786,12.1,228.0,9.96,29.04,143.9,81.96,168.13082168359256
UGC06786,12.33,228.0,8.24,29.36,143.03,81.19,167.0670721596569
UGC06786,12.78,229.0,1.74,30.21,141.37,79.75,165.1005254382917
UGC06786,14.93,228.0,1.64,33.5,133.3,73.78,155.99560378420927
UGC06786,17.08,226.0,1.34,35.21,125.19,68.98,147.20910501731882
UGC06786,19.23,226.0,1.39,35.84,117.76,65.01,139.20568702463274
UGC06786,21.27,227.0,1.11,35.52,111.0,61.81,131.92098582105882
UGC06786,23.42,227.0,1.37,34.46,106.04,58.91,126.10456494512798
UGC06786,25.57,224.0,2.79,32.87,101.01,56.38,120.25872691825738
UGC06786,27.72,218.0,9.41,31.59,96.03,54.15,114.68178364500615
UGC06786,29.87,215.0,8.18,30.53,91.96,52.16,110.04266490775294
UGC06786,32.02,219.0,5.06,29.67,88.37,50.38,105.96088995473755
UGC06786,34.05,211.0,7.05,29.04,85.42,48.86,102.602132531444
UGC06787,0.12,134.0,41.1,-0.73,7.68,179.06,179.22611109991757
UGC06787,0.24,208.0,35.5,-0.84,14.95,278.38,278.78241067183563
UGC06787,0.35,252.0,27.1,-0.93,21.23,309.46,310.1887641420946
UGC06787,0.47,272.0,11.6,-1.09,27.71,321.2,322.3949010142685
UGC06787,0.59,276.0,12.6,-1.27,33.83,323.58,325.34612061618316
UGC06787,0.71,271.0,16.3,-1.49,39.63,323.15,325.57438397392383
UGC06787,0.83,266.0,11.9,-1.72,45.13,320.31,323.4782394535991
UGC06787,0.94,262.0,12.2,-1.96,49.93,316.84,320.7560320555172
UGC06787,1.06,260.0,12.1,-2.21,54.94,314.79,319.55599165091553
UGC06787,1.18,260.0,11.9,-2.45,59.69,313.21,318.8563982422181
UGC06787,1.3,259.0,8.04,-2.69,64.21,311.21,317.7763746725046
UGC06787,1.42,257.0,10.2,-2.93,68.53,309.11,316.6290225168881
UGC06787,1.53,254.0,9.68,-3.17,72.32,306.55,314.98116419875015
UGC06787,1.66,244.0,4.95,-3.41,76.57,303.54,313.0672844613439
UGC06787,1.89,228.0,9.83,-3.87,83.6,297.2,308.7584442569952
UGC06787,2.01,220.0,18.6,-4.09,87.03,293.4,306.06291673445185
UGC06787,2.13,215.0,4.11,-4.3,90.32,289.39,303.18767207787323
UGC06787,2.24,213.0,16.1,-4.5,93.19,285.56,300.4149458665464
UGC06787,3.1,228.0,9.59,-5.53,112.13,255.35,278.93967143452363
UGC06787,3.79,236.0,7.22,-5.65,121.66,232.68,262.6272272632828
UGC06787,3.9,236.0,7.24,-5.61,122.76,229.34,260.18901840777215
UGC06787,4.14,237.0,8.26,-5.45,124.89,222.83,255.50033953010708
UGC06787,4.25,237.0,4.07,-5.32,125.78,219.95,253.43029278284789
UGC06787,4.37,237.0,4.04,-5.15,126.75,216.93,251.29804993274422
UGC06787,4.49,237.0,1.94,-4.93,127.73,214.04,249.3037893815495
UGC06787,4.61,237.0,1.49,-4.62,128.73,211.23,247.40830665117124
UGC06787,4.72,236.0,2.38,-4.24,129.65,208.76,245.7800596061446
UGC06787,5.16,235.0,2.4,-1.43,133.7,199.77,240.3867463068628
UGC06787,5.43,234.0,4.05,3.32,136.22,194.84,237.75940864664008
UGC06787,5.56,233.0,3.03,4.2,137.4,192.59,236.6163732711665
UGC06787,5.67,233.0,2.48,4.99,138.33,190.72,235.65696976749913
UGC06787,5.79,233.0,3.03,5.73,139.24,188.73,234.60525015438165
UGC06787,5.91,232.0,6.7,6.43,139.93,186.59,233.31861884556065
UGC06787,6.03,232.0,7.44,7.14,140.45,184.7,232.1449377005667
UGC06787,6.2,232.0,1.64,8.18,141.04,182.21,230.56382652098748
UGC06787,6.5,233.0,14.3,9.96,142.01,177.9,227.84743075136925
UGC06787,6.85,235.0,7.57,11.78,143.12,173.33,225.08974143661013
UGC06787,6.98,236.0,3.05,12.31,143.59,171.7,224.16626463408807
UGC06787,7.09,236.0,2.91,12.85,144.05,170.36,223.46824069652496
UGC06787,7.21,237.0,4.07,13.38,144.62,168.93,222.78086475278795
UGC06787,7.22,238.0,2.02,13.48,144.67,168.82,222.73596858163702
UGC06787,7.33,238.0,6.76,13.91,145.21,167.55,222.15407873815866
UGC06787,7.45,239.0,3.49,14.44,145.73,166.2,221.5134002718571
UGC06787,7.56,240.0,10.1,14.86,146.08,164.99,220.86621765222495
UGC06787,8.26,247.0,0.85,17.52,144.87,157.97,215.05531427983826
UGC06787,8.98,252.0,8.91,19.64,141.68,151.5,208.35355048570688
UGC06787,9.09,253.0,7.13,19.85,141.18,150.58,207.3647783496513
UGC06787,9.3,254.0,0.73,20.28,140.17,148.87,205.47794090850724
UGC06787,10.32,253.0,0.96,21.76,134.57,141.32,196.35153398942418
UGC06787,11.38,247.0,1.99,22.29,131.1,134.58,189.19786071729246
UGC06787,12.4,238.0,3.15,22.29,127.84,128.93,182.92855053271484
UGC06787,13.41,229.0,1.67,21.87,125.7,123.98,177.90398337305436
UGC06787,14.43,223.0,3.52,21.55,123.24,119.52,173.02465286773443
UGC06787,15.44,220.0,1.13,21.55,120.61,115.54,168.4062534468361
UGC06787,16.57,220.0,1.12,22.08,117.78,111.53,163.70276631749385
UGC06787,17.58,224.0,1.93,22.61,115.53,108.28,159.9467142519658
UGC06787,18.6,228.0,2.04,23.25,113.08,105.27,156.23514905423812
UGC06787,19.61,234.0,2.55,24.2,110.31,102.52,152.52634690439552
UGC06787,20.62,239.0,2.91,26.01,107.85,99.98,149.34571637646658
UGC06787,21.64,243.0,3.08,28.66,105.68,97.6,146.6813485075727
UGC06787,22.77,245.0,3.6,31.74,103.62,95.14,144.2087084749045
UGC06787,23.78,247.0,2.67,34.4,101.87,93.1,142.22681498226697
UGC06787,24.79,249.0,3.37,36.31,99.95,91.18,140.0793025396686
UGC06787,25.81,250.0,2.08,37.37,97.79,89.36,137.63942240506532
UGC06787,26.82,251.0,1.68,37.79,95.84,87.67,135.27534365138388
UGC06787,27.84,251.0,2.78,37.79,94.22,86.04,133.0728150299677
UGC06787,29.41,248.0,3.4,37.26,91.66,83.72,129.61057672890743
UGC06787,30.99,246.0,2.91,36.63,88.64,81.55,125.8936416186298
UGC06787,32.57,249.0,3.46,35.88,86.0,79.55,122.5217405197951
UGC06787,34.03,252.0,3.23,35.14,84.24,77.83,119.95293285284858
UGC06787,37.19,255.0,4.16,33.12,79.85,74.45,114.0866311186372
UGC06818,0.87,23.4,5.55,3.13,27.44,0.0,27.61793801137225
UGC06818,1.74,28.0,5.2,4.07,38.72,0.0,38.93331863584198
UGC06818,2.61,36.7,4.25,7.08,40.85,0.0,41.45900264116348
UGC06818,3.5,47.6,4.25,10.56,41.42,0.0,42.74494122115505
UGC06818,4.37,63.3,4.75,13.36,40.22,0.0,42.38086832522429
UGC06818,5.24,71.2,5.25,17.35,39.25,0.0,42.91369245357477
UGC06818,6.11,68.1,6.0,19.51,37.01,0.0,41.83754533908508
UGC06818,6.98,74.4,6.0,20.91,34.75,0.0,40.556018049113256
UGC06917,1.74,59.2,3.5,0.0,56.25,0.0,56.25
UGC06917,2.61,71.2,4.0,0.0,59.09,0.0,59.09
UGC06917,3.5,84.5,4.4,6.4,61.72,0.0,62.05093391722642
UGC06917,4.37,93.5,4.5,14.66,63.73,0.0,65.39440725322005
UGC06917,5.24,97.5,3.5,17.89,64.38,0.0,66.8194320538569
UGC06917,6.11,100.0,3.5,20.91,64.3,0.0,67.61448143704128
UGC06917,6.98,101.0,4.0,24.79,64.23,0.0,68.84792662092302
UGC06917,7.85,103.0,3.5,27.59,62.94,0.0,68.72155193241782
UGC06917,8.72,105.0,4.0,29.1,61.95,0.0,68.44422912123417
UGC06917,9.6,110.0,4.9,32.76,60.68,0.0,68.9585382675706
UGC06917,10.47,111.0,6.0,36.86,60.19,0.0,70.57971167410646
UGC06923,0.93,40.5,7.35,9.26,50.64,0.0,51.479677543667655
UGC06923,1.94,53.9,5.9,16.49,55.16,0.0,57.572091329045875
UGC06923,2.87,73.0,4.7,21.98,56.07,0.0,60.22429161061174
UGC06923,3.72,78.4,3.9,25.0,55.82,0.0,61.16267162248556
UGC06923,4.47,79.3,5.3,28.23,53.8,0.0,60.75666959272866
UGC06923,5.16,81.1,5.1,30.82,51.88,0.0,60.34407013120677
UGC06930,1.74,54.7,8.3,0.0,52.62,0.0,52.62
UGC06930,3.5,85.4,7.0,5.24,59.95,0.0,60.17856844425597
UGC06930,5.24,93.8,6.2,17.89,62.66,0.0,65.16385270991886
UGC06930,6.98,98.7,5.2,25.97,65.09,0.0,70.07959046683992
UGC06930,8.72,103.0,5.2,29.85,66.99,0.0,73.33950231628245
UGC06930,10.47,107.0,5.2,34.48,67.16,0.0,75.49394677720856
UGC06930,12.19,109.0,5.2,40.3,63.93,0.0,75.57205105063643
UGC06930,13.94,108.0,7.4,42.57,59.68,0.0,73.30693896214737
UGC06930,15.68,108.0,7.4,40.84,54.03,0.0,67.72847628582826
UGC06930,16.61,108.0,7.4,39.98,51.7,0.0,65.35510997619085
UGC06973,1.74,170.0,4.7,2.96,330.95,134.59,357.2829861608302
UGC06973,2.61,174.0,4.2,15.3,283.41,109.85,304.339186763716
UGC06973,3.5,170.0,4.2,20.26,251.38,94.86,269.4453406537215
UGC06973,4.37,170.0,4.3,23.49,223.34,84.89,240.08091927514775
UGC06973,5.32,171.0,4.8,28.67,203.29,76.94,219.24542549389713
UGC06973,6.28,174.0,4.9,33.19,186.33,70.82,202.07898802201083
UGC06973,6.81,177.0,10.1,32.98,178.04,68.0,193.41644707728452
UGC06973,7.33,178.0,6.3,32.11,170.62,65.55,185.57758215905284
UGC06973,7.85,180.0,7.7,30.71,164.4,63.34,178.83629301682586
UGC06983,1.74,56.9,6.6,0.0,57.53,0.0,57.53
UGC06983,2.61,87.4,4.8,0.0,63.17,0.0,63.17
UGC06983,3.5,92.1,5.7,0.0,61.1,0.0,61.1
UGC06983,4.37,93.5,5.2,8.69,59.01,0.0,59.64642654845301
UGC06983,5.24,98.2,4.4,16.6,57.64,0.0,59.98274418530716
UGC06983,6.11,99.7,4.4,18.86,56.44,0.0,59.50775747749196
UGC06983,6.98,102.0,3.5,23.82,56.03,0.0,60.88311177986881
UGC06983,7.85,107.0,4.4,29.74,55.57,0.0,63.027712159017796
UGC06983,8.72,108.0,4.4,30.17,54.32,0.0,62.13607084455856
UGC06983,9.6,110.0,4.4,31.9,52.55,0.0,61.47448657776655
UGC06983,10.47,113.0,4.4,35.89,51.23,0.0,62.55081933915814
UGC06983,11.35,110.0,5.2,38.26,49.57,0.0,62.61798862946653
UGC06983,12.19,108.0,5.7,39.33,47.76,0.0,61.86975432309393
UGC06983,13.12,109.0,8.6,40.63,45.68,0.0,61.13476343292743
UGC06983,13.94,108.0,9.8,40.95,43.38,0.0,59.65506600448951
UGC06983,14.86,108.0,9.8,40.63,41.42,0.0,58.02080058048148
UGC06983,15.68,109.0,12.3,40.09,39.99,0.0,56.62515518742532
UGC07089,0.87,20.9,4.7,4.05,19.26,0.0,19.68121185293223
UGC07089,1.74,36.4,3.9,8.89,32.89,0.0,34.07028323921009
UGC07089,2.61,43.4,3.9,12.07,42.35,0.0,44.03643264389158
UGC07089,3.5,51.2,4.7,13.47,46.88,0.0,48.7767905873275
UGC07089,4.37,59.7,3.9,14.33,50.13,0.0,52.13794971035973
UGC07089,5.24,64.5,4.4,18.1,50.81,0.0,53.93761303580276
UGC07089,6.11,67.9,3.9,21.23,49.78,0.0,54.11803119109194
UGC07089,6.55,72.8,7.3,22.41,49.26,0.0,54.11797945230401
UGC07089,6.98,70.3,6.1,23.49,48.73,0.0,54.096145888593576
UGC07089,7.85,73.7,6.1,25.32,47.5,0.0,53.82706010920529
UGC07089,8.72,77.6,6.1,26.4,46.22,0.0,53.22826692651189
UGC07089,9.16,79.1,7.3,26.4,45.5,0.0,52.60427739262274
UGC07125,1.44,26.1,3.3,9.09,27.58,0.0,29.03936121886981
UGC07125,2.88,43.0,3.47,16.12,37.24,0.0,40.57920649790974
UGC07125,4.33,48.5,2.35,15.32,39.71,0.0,42.56273604927202
UGC07125,5.76,52.5,2.0,18.34,39.12,0.0,43.20567092408125
UGC07125,7.2,56.4,2.05,17.63,37.66,0.0,41.58235803799491
UGC07125,8.64,58.5,2.21,22.27,36.69,0.0,42.91979729681863
UGC07125,10.08,61.5,2.1,25.8,36.12,0.0,44.38799837793995
UGC07125,11.47,64.6,2.01,29.52,34.86,0.0,45.67986427300326
UGC07125,13.0,65.6,2.12,36.98,33.7,0.0,50.03209369994424
UGC07125,14.42,65.4,2.65,38.39,31.99,0.0,49.971513885412755
UGC07125,15.84,65.5,3.05,37.89,29.33,0.0,47.915561146667166
UGC07125,17.26,65.1,3.22,39.0,27.53,0.0,47.737835099635596
UGC07125,18.68,64.9,3.48,34.46,26.15,0.0,43.258688144695284
UGC07151,0.5,24.2,2.18,-0.51,24.79,0.0,24.795245511992817
UGC07151,1.0,42.0,2.91,-5.39,39.13,0.0,39.49948100924872
UGC07151,1.5,59.4,2.4,-5.79,45.87,0.0,46.233981009642676
UGC07151,2.0,63.9,2.01,7.68,49.56,0.0,50.15153038542294
UGC07151,2.49,66.0,2.0,15.55,48.96,0.0,51.37007007976532
UGC07151,3.0,67.2,2.07,19.33,48.14,0.0,51.875895172999186
UGC07151,3.49,68.7,2.38,19.89,46.88,0.0,50.924910407383145
UGC07151,4.0,71.3,2.91,25.08,45.84,0.0,52.252387505261424
UGC07151,4.49,72.5,3.21,25.36,46.88,0.0,53.29975609700293
UGC07151,5.01,74.0,3.41,26.06,48.01,0.0,54.62676724830053
UGC07151,5.5,76.2,3.17,28.3,47.84,0.0,55.583771012769546
UGC07232,0.21,16.4,3.3,3.43,15.55,0.0,15.923799797786959
UGC07232,0.41,26.2,3.3,6.87,25.1,0.0,26.023199265270982
UGC07232,0.62,35.2,3.3,10.25,25.64,0.0,27.61289734888391
UGC07232,0.82,44.0,3.3,12.77,24.3,0.0,27.451100160102875
UGC07261,0.95,46.8,5.66,3.86,27.74,0.0,28.0072704846438
UGC07261,1.9,63.0,5.66,4.52,51.06,0.0,51.25967225802366
UGC07261,2.86,66.8,5.66,4.73,51.26,0.0,51.47776704558969
UGC07261,3.81,69.6,5.66,12.72,49.4,0.0,51.01135559853316
UGC07261,4.76,73.4,5.66,18.24,44.13,0.0,47.750963341067795
UGC07261,5.72,74.7,5.66,23.64,39.21,0.0,45.78508163146594
UGC07261,6.67,76.1,5.66,29.52,35.32,0.0,46.03186722261003
UGC07323,0.58,23.9,3.87,1.43,21.96,0.0,22.00651040033381
UGC07323,1.17,34.7,3.87,3.24,34.79,0.0,34.940545216123915
UGC07323,1.75,42.8,3.87,-0.61,43.08,0.0,43.08431849292733
UGC07323,2.33,51.3,3.87,-3.66,48.67,0.0,48.80742259124118
UGC07323,2.91,57.7,3.87,9.71,52.39,0.0,53.28223155987369
UGC07323,3.5,67.3,3.87,13.91,55.75,0.0,57.45912112101959
UGC07323,4.07,75.4,3.87,18.68,58.69,0.0,61.59105860431366
UGC07323,4.65,79.5,3.87,24.75,61.08,0.0,65.90393690819995
UGC07323,5.23,82.8,3.87,27.13,61.82,0.0,67.5111050124348
UGC07323,5.82,85.6,3.87,28.72,60.87,0.0,67.30523976630646
UGC07399,0.61,47.3,2.77,2.98,31.89,0.0,32.02893223321689
UGC07399,1.22,70.4,3.27,8.37,39.0,0.0,39.888054602850715
UGC07399,1.84,83.7,2.5,14.43,37.15,0.0,39.8540763285263
UGC07399,2.45,89.1,2.45,17.93,36.43,0.0,40.60332252414819
UGC07399,3.07,91.7,2.48,20.44,35.9,0.0,41.31105905202625
UGC07399,3.68,95.1,3.01,21.54,34.58,0.0,40.74000490917987
UGC07399,4.3,96.9,3.62,21.34,33.94,0.0,40.091385608382254
UGC07399,4.91,100.0,3.9,23.04,32.94,0.0,40.19807458075573
UGC07399,5.52,103.0,4.82,25.45,31.6,0.0,40.57416049655248
UGC07399,6.13,106.0,4.97,25.55,31.05,0.0,40.21075726717914
UGC07524,0.35,14.4,2.82,-0.61,15.45,0.0,15.462037381923508
UGC07524,0.69,24.4,3.97,-1.22,17.95,0.0,17.991411840097484
UGC07524,1.03,29.2,3.26,-2.04,20.19,0.0,20.29279921548528
UGC07524,1.38,32.9,3.73,-1.72,21.43,0.0,21.498913926056822
UGC07524,1.72,37.8,3.41,3.47,22.82,0.0,23.082315741710143
UGC07524,2.07,42.0,3.12,3.53,25.15,0.0,25.396523384116968
UGC07524,2.41,45.1,2.92,4.13,26.82,0.0,27.13612536822455
UGC07524,2.76,47.6,2.79,6.88,28.98,0.0,29.78547968389967
UGC07524,3.1,52.3,2.78,9.39,30.06,0.0,31.49247052868352
UGC07524,3.45,57.3,2.78,11.99,30.89,0.0,33.1353617756016
UGC07524,3.79,61.4,2.93,14.78,31.14,0.0,34.469522770122595
UGC07524,4.14,64.5,3.42,16.87,32.08,0.0,36.24532107734735
UGC07524,4.48,66.4,4.53,18.27,32.77,0.0,37.518872584340805
UGC07524,4.82,66.9,5.46,19.32,33.02,0.0,38.25680070262018
UGC07524,5.17,69.4,4.77,19.78,33.86,0.0,39.21413010637875
UGC07524,5.51,70.2,4.44,19.55,34.37,0.0,39.541110252495436
UGC07524,5.86,70.9,4.24,19.78,34.15,0.0,39.464805840140656
UGC07524,6.2,72.3,4.38,20.48,34.36,0.0,40.000499996875035
UGC07524,6.55,73.9,3.51,21.53,34.78,0.0,40.904636656496535
UGC07524,6.89,75.0,3.22,22.81,35.14,0.0,41.89410101673027
UGC07524,7.25,75.5,3.23,24.09,35.58,0.0,42.96818008712959
UGC07524,7.58,77.1,2.98,25.37,36.1,0.0,44.12308806056077
UGC07524,7.94,77.0,2.79,26.77,36.68,0.0,45.409859061661926
UGC07524,8.27,77.0,2.82,28.28,37.11,0.0,46.65737347944052
UGC07524,8.63,78.2,2.93,29.91,37.49,0.0,47.95944328284055
UGC07524,8.97,79.6,3.14,31.07,37.76,0.0,48.89951431251644
UGC07524,9.3,80.3,3.39,32.12,37.98,0.0,49.741077591865654
UGC07524,9.66,81.2,3.66,33.05,38.12,0.0,50.45232303868673
UGC07524,9.99,82.3,3.9,33.75,38.33,0.0,51.07104267586477
UGC07524,10.35,83.8,4.1,34.21,38.96,0.0,51.84790931175529
UGC07524,10.69,79.0,2.78,34.56,38.32,0.0,51.60248056053119
UGC07559,0.36,9.31,3.23,2.82,9.53,0.0,9.938475738260871
UGC07559,0.72,15.9,3.23,5.91,14.9,0.0,16.02928881766125
UGC07559,1.08,21.4,3.23,7.85,16.55,0.0,18.317341510164624
UGC07559,1.45,26.1,3.23,9.57,17.31,0.0,19.779307369066288
UGC07559,1.8,29.7,3.23,11.59,16.91,0.0,20.500639014430746
UGC07559,2.17,31.1,3.23,14.33,15.67,0.0,21.234354240240037
UGC07559,2.53,32.1,3.23,16.45,15.47,0.0,22.581483565080486
UGC07577,0.19,3.74,3.17,-1.81,3.43,0.0,3.8782728114458376
UGC07577,0.38,5.4,3.17,-1.88,6.16,0.0,6.440496875241847
UGC07577,0.57,7.31,3.17,1.42,8.66,0.0,8.77564812421282
UGC07577,0.75,8.85,3.17,4.71,10.45,0.0,11.462399399776645
UGC07577,0.94,10.7,3.17,5.82,11.68,0.0,13.049704977508112
UGC07577,1.13,12.4,3.17,6.52,12.49,0.0,14.089375429734279
UGC07577,1.32,14.1,3.17,7.99,13.06,0.0,15.310248201776483
UGC07577,1.51,15.9,3.17,8.69,12.91,0.0,15.56226847217333
UGC07577,1.69,17.8,3.17,9.12,11.87,0.0,14.969011323397414
UGC07603,0.34,19.6,2.89,4.29,19.73,0.0,20.19101285225682
UGC07603,0.68,32.5,2.89,6.17,28.0,0.0,28.671743930218128
UGC07603,1.02,41.9,2.89,5.94,31.57,0.0,32.123955235929465
UGC07603,1.37,50.6,2.89,8.81,31.98,0.0,33.17132044402212
UGC07603,1.71,57.0,2.89,15.21,31.44,0.0,34.92588867874374
UGC07603,2.05,60.5,2.89,17.87,29.65,0.0,34.618772364137925
UGC07603,2.39,60.5,2.89,17.46,27.89,0.0,32.90446322309483
UGC07603,2.74,60.0,2.89,15.96,26.14,0.0,30.627131762540223
UGC07603,3.08,61.5,2.89,15.55,24.58,0.0,29.085716425764726
UGC07603,3.42,61.5,2.89,16.29,23.19,0.0,28.339728297921276
UGC07603,3.76,63.0,2.89,16.96,21.99,0.0,27.770518540351382
UGC07603,4.11,64.0,2.89,17.21,20.84,0.0,27.027572957999762
UGC07608,0.6,14.6,6.69,4.56,9.68,0.0,10.70028037015853
UGC07608,1.19,31.5,6.69,6.39,13.08,0.0,14.55742078803797
UGC07608,1.79,44.8,6.69,9.63,14.81,0.0,17.665588017385666
UGC07608,2.38,50.6,6.69,13.15,16.52,0.0,21.114755504149226
UGC07608,2.99,55.6,6.69,14.93,16.97,0.0,22.602783014487397
UGC07608,3.59,61.4,6.69,18.09,16.51,0.0,24.49139032394854
UGC07608,4.18,66.0,6.69,21.26,16.39,0.0,26.844360674078274
UGC07608,4.78,69.3,6.69,24.12,16.26,0.0,29.088863848558955
UGC07690,0.59,45.3,4.31,4.24,45.76,0.0,45.956013752282736
UGC07690,1.18,59.8,4.31,11.75,48.85,0.0,50.24325825421755
UGC07690,1.77,60.7,4.31,15.81,45.2,0.0,47.885238852907484
UGC07690,2.36,58.8,4.31,19.15,42.05,0.0,46.2052486196103
UGC07690,2.95,57.9,4.31,20.97,38.14,0.0,43.524711371817276
UGC07690,3.54,56.9,4.31,21.99,34.5,0.0,40.91222433454334
UGC07690,4.13,55.9,4.31,22.39,31.16,0.0,38.370010424809635
UGC07866,0.33,12.2,4.07,3.43,9.04,0.0,9.66884170932589
UGC07866,0.66,19.4,4.07,3.44,13.22,0.0,13.660234258606256
UGC07866,1.0,23.9,4.07,5.29,17.22,0.0,18.014230485924177
UGC07866,1.33,26.0,4.07,8.85,17.5,0.0,19.610520135886247
UGC07866,1.67,28.2,4.07,11.12,17.11,0.0,20.40604077228113
UGC07866,2.0,30.6,4.07,13.66,16.29,0.0,21.259343828067692
UGC07866,2.32,33.1,4.07,14.34,16.35,0.0,21.747599867571594
UGC08286,0.47,22.2,2.81,-3.85,16.14,0.0,16.59283279009344
UGC08286,0.95,43.4,3.47,-1.38,24.37,0.0,24.409041357660897
UGC08286,1.42,60.2,3.04,-0.63,30.01,0.0,30.016612067320324
UGC08286,1.9,69.6,2.05,8.67,34.64,0.0,35.70852139195909
UGC08286,2.37,72.5,2.0,11.4,38.52,0.0,40.17151229416189
UGC08286,2.84,74.3,2.02,11.54,39.29,0.0,40.94967277036533
UGC08286,3.3,75.8,2.01,12.92,40.32,0.0,42.33944732752189
UGC08286,3.78,77.2,2.05,16.18,39.87,0.0,43.028005996095146
UGC08286,4.25,79.3,2.08,18.85,39.64,0.0,43.89364532594667
UGC08286,4.73,81.3,2.08,23.39,37.47,0.0,44.171178385911325
UGC08286,5.2,81.6,2.03,23.16,35.37,0.0,42.27791976907094
UGC08286,5.67,82.1,2.02,23.39,33.69,0.0,41.01351240749809
UGC08286,6.15,82.9,2.0,22.11,32.23,0.0,39.08484360976771
UGC08286,6.62,83.2,2.0,22.46,30.9,0.0,38.20028272146687
UGC08286,7.1,83.5,2.02,26.07,29.56,0.0,39.41368417187107
UGC08286,7.57,83.8,2.0,25.72,28.4,0.0,38.315511219348224
UGC08286,8.04,84.3,2.0,26.3,27.44,0.0,38.00846747765556
UGC08490,0.34,38.8,3.69,0.91,27.87,0.0,27.88485251888559
UGC08490,0.68,50.1,3.69,7.1,39.52,0.0,40.152713482403655
UGC08490,1.02,60.2,3.69,10.23,44.52,0.0,45.68022876475117
UGC08490,1.36,68.2,3.69,12.18,46.26,0.0,47.83659686892453
UGC08490,1.69,72.8,3.69,14.42,45.8,0.0,48.01641802550457
UGC08490,2.03,75.3,3.69,15.29,45.05,0.0,47.5740118131738
UGC08490,2.37,76.6,3.69,18.41,43.11,0.0,46.876435444687985
UGC08490,2.7,77.6,3.69,20.65,41.2,0.0,46.08538271512997
UGC08490,3.05,78.5,3.69,21.24,39.62,0.0,44.954221158863376
UGC08490,3.38,78.2,3.69,22.11,38.18,0.0,44.11988780584103
UGC08490,3.72,78.8,3.69,23.77,36.93,0.0,43.91853595009743
UGC08490,4.06,79.2,3.69,25.04,35.68,0.0,43.58972355957307
UGC08490,4.39,79.2,3.69,24.74,34.2,0.0,42.21027836913659
UGC08490,4.74,79.2,3.69,24.74,32.41,0.0,40.773468088942344
UGC08490,5.08,78.8,3.69,23.87,31.05,0.0,39.16477243646387
UGC08490,5.41,78.5,3.69,22.31,29.85,0.0,37.26605157512666
UGC08490,5.75,80.1,3.69,22.6,28.79,0.0,36.600875672584664
UGC08490,6.09,80.1,3.69,23.18,27.84,0.0,36.22675806637961
UGC08490,6.42,80.1,3.69,22.99,26.98,0.0,35.44658657755355
UGC08490,6.77,80.1,3.69,22.99,26.18,0.0,34.84153412236608
UGC08490,7.11,79.8,3.69,22.8,25.47,0.0,34.18422004375703
UGC08490,7.44,79.8,3.69,23.87,24.82,0.0,34.435581888505965
UGC08490,7.78,79.5,3.69,24.06,24.22,0.0,34.13930286341535
UGC08490,8.12,79.5,3.69,22.89,23.66,0.0,32.92032350995354
UGC08490,8.46,78.8,3.69,23.09,23.15,0.0,32.696645087837375
UGC08490,8.8,77.9,3.69,23.38,22.65,0.0,32.5522180503879
UGC08490,9.13,77.2,3.69,22.8,22.21,0.0,31.829610428027546
UGC08490,9.47,77.6,3.69,22.21,21.79,0.0,31.114115767606187
UGC08490,9.77,76.6,3.69,22.21,21.43,0.0,30.863068544783424
UGC08490,10.15,77.6,3.69,22.5,21.0,0.0,30.777426793024787
UGC08550,0.49,25.0,2.04,3.42,17.04,0.0,17.379815879346936
UGC08550,0.97,42.5,2.7,4.1,26.7,0.0,27.012959852633696
UGC08550,1.47,48.0,2.15,10.21,28.91,0.0,30.659944553113593
UGC08550,1.95,49.2,2.08,12.59,27.91,0.0,30.61823312995053
UGC08550,2.44,50.4,2.06,13.04,24.63,0.0,27.868952258741267
UGC08550,2.92,51.6,2.04,12.14,22.08,0.0,25.197341129571587
UGC08550,3.41,53.2,2.0,13.38,20.22,0.0,24.24608834430824
UGC08550,3.89,55.1,2.05,14.95,18.69,0.0,23.9336290603828
UGC08550,4.39,57.8,2.24,18.33,17.42,0.0,25.287255683446556
UGC08550,4.88,57.3,2.0,21.25,16.4,0.0,26.842550176911285
UGC08550,5.36,57.5,2.0,22.04,15.57,0.0,26.984930980085906
UGC08699,0.22,152.0,39.4,0.62,26.39,158.03,160.21952877224425
UGC08699,0.43,167.0,32.9,1.83,47.21,231.8,236.56579000354216
UGC08699,0.65,179.0,20.9,2.76,65.47,250.59,259.01599680328627
UGC08699,0.87,188.0,15.7,3.59,80.81,244.02,257.077623685921
UGC08699,1.08,195.0,10.6,4.38,93.2,231.39,249.4929988997687
UGC08699,1.31,199.0,8.88,5.12,104.66,217.32,241.26316005557084
UGC08699,1.52,202.0,4.4,5.84,113.51,203.82,233.36927411293885
UGC08699,1.73,202.0,2.3,6.53,120.8,191.4,226.42712050458974
UGC08699,1.96,202.0,3.38,7.2,127.95,179.83,220.82090344892623
UGC08699,2.17,200.0,4.47,7.85,133.72,170.88,217.12354846952923
UGC08699,2.39,196.0,2.88,8.49,138.13,162.54,213.47418719835895
UGC08699,2.6,193.0,3.32,9.1,140.07,156.06,209.89792400116778
UGC08699,2.83,189.0,2.21,9.69,139.86,149.58,205.00949270704518
UGC08699,3.04,184.0,14.0,10.26,138.24,144.32,200.10953900301706
UGC08699,5.87,170.0,5.45,16.97,124.36,103.86,162.91190901834034
UGC08699,6.08,172.0,6.66,17.59,125.28,102.05,162.5382693398696
UGC08699,6.3,174.0,3.96,18.32,126.27,100.25,162.264591947843
UGC08699,6.52,176.0,5.18,18.94,127.31,98.55,162.10694679747687
UGC08699,6.74,178.0,3.04,19.56,128.27,96.92,161.95453960911377
UGC08699,6.95,180.0,2.75,20.18,129.11,95.45,161.82498879962887
UGC08699,7.16,182.0,2.34,20.9,130.08,94.04,161.8676558179552
UGC08699,7.39,183.0,3.39,21.52,131.37,92.56,162.13741363423804
UGC08699,7.6,184.0,7.58,22.25,132.89,91.28,162.74782026190087
UGC08699,7.82,185.0,6.08,22.97,134.56,89.98,163.4943879770801
UGC08699,8.03,186.0,6.73,23.7,136.18,88.8,164.29279472940985
UGC08699,8.26,187.0,6.83,24.42,137.94,87.55,165.1931672315777
UGC08699,8.47,187.0,6.11,25.15,139.4,86.46,165.95244529683796
UGC08699,8.68,188.0,4.78,25.77,140.55,85.41,166.47301132616062
UGC08699,8.91,188.0,4.14,26.49,141.3,84.3,166.6550332273226
UGC08699,9.53,187.0,5.93,28.25,140.15,81.51,164.5720665848248
UGC08699,9.78,187.0,7.63,28.97,138.99,80.46,163.1909697256561
UGC08699,9.99,186.0,7.89,29.6,137.71,79.61,161.79603270785103
UGC08699,10.21,186.0,9.86,30.11,136.12,78.75,160.11504926146074
UGC08699,11.46,182.0,2.51,33.53,126.5,74.33,150.5040192154349
UGC08699,13.39,177.0,3.62,37.77,114.46,68.77,138.76951178122664
UGC08699,15.21,175.0,6.71,39.12,106.58,64.52,130.58522581057935
UGC08699,17.13,177.0,6.13,39.12,99.72,60.8,123.17099009101128
UGC08699,19.06,180.0,3.95,39.01,94.0,57.64,116.96217208995394
UGC08699,20.99,181.0,4.46,38.7,89.28,54.92,111.7354679589252
UGC08699,22.92,182.0,7.09,37.05,85.64,52.56,107.09559141253202
UGC08699,25.7,183.0,7.49,34.05,80.57,49.64,100.57363968754436
UGC08837,0.52,7.31,2.12,-3.67,11.19,0.0,11.776459569836767
UGC08837,1.05,14.6,2.05,-4.64,16.58,0.0,17.217026456389036
UGC08837,1.57,21.0,2.05,2.4,20.63,0.0,20.769133347349857
UGC08837,2.09,28.1,2.06,12.6,23.82,0.0,26.94721506946497
UGC08837,2.63,35.3,2.5,16.76,25.79,0.0,30.75746576036459
UGC08837,3.15,43.0,3.38,17.12,27.83,0.0,32.674199301589624
UGC08837,3.68,46.6,3.15,20.09,26.92,0.0,33.590095266313256
UGC08837,4.2,48.0,3.0,22.95,25.81,0.0,34.53778510559124
UGC09037,2.43,62.2,5.69,10.89,136.53,0.0,136.96361925708595
UGC09037,3.65,88.2,3.85,14.29,148.1,0.0,148.78781569738834
UGC09037,4.86,107.0,4.42,16.72,150.72,0.0,151.64457392204972
UGC09037,6.08,120.0,3.93,25.95,151.05,0.0,153.2628624292265
UGC09037,7.29,124.0,5.15,32.85,157.64,0.0,161.02637082167627
UGC09037,8.51,128.0,4.29,38.2,155.32,0.0,159.9485617315767
UGC09037,9.73,133.0,5.36,40.33,153.04,0.0,158.26481131319116
UGC09037,10.96,138.0,6.78,39.17,152.74,0.0,157.682581473034
UGC09037,12.19,143.0,6.42,46.36,150.89,0.0,157.8513278373039
UGC09037,13.41,146.0,5.4,53.75,145.59,0.0,155.19507273106322
UGC09037,14.55,148.0,4.5,56.66,141.61,0.0,152.52458064194113
UGC09037,15.78,154.0,4.46,60.84,137.81,0.0,150.64229718110383
UGC09037,17.0,158.0,4.02,62.11,133.01,0.0,146.79683988424273
UGC09037,18.23,159.0,5.07,60.94,128.36,0.0,142.09142549781112
UGC09037,19.46,160.0,7.33,60.06,123.99,0.0,137.7705472878728
UGC09037,20.69,158.0,7.82,64.05,120.09,0.0,136.10294118791114
UGC09037,21.92,155.0,8.07,63.17,117.0,0.0,132.96408876083797
UGC09037,23.14,156.0,7.93,61.23,113.92,0.0,129.33243715325247
UGC09037,24.28,154.0,9.09,62.4,110.72,0.0,127.09318785835849
UGC09037,25.51,150.0,13.4,60.16,107.64,0.0,123.31096950393342
UGC09037,26.73,141.0,20.1,64.54,105.08,0.0,123.3175494404588
UGC09037,27.96,152.0,16.0,66.58,102.79,0.0,122.46910018449552
UGC09133,0.32,284.0,34.7,-3.24,26.79,189.88,191.7879456587405
UGC09133,0.63,282.0,18.8,-2.41,50.47,292.13,296.4674786549108
UGC09133,0.95,281.0,12.6,-0.21,72.14,320.6,328.6161646967477
UGC09133,1.26,280.0,10.6,2.45,90.82,326.59,338.99159724099354
UGC09133,1.58,280.0,10.8,3.54,108.12,325.9,343.38502588202647
UGC09133,1.89,279.0,7.67,4.4,123.29,320.4,343.33066291841743
UGC09133,2.21,279.0,11.2,5.23,137.43,313.32,342.17507244099477
UGC09133,2.52,279.0,4.45,6.01,149.84,305.5,340.32101859861666
UGC09133,2.84,279.0,5.03,6.75,161.33,297.22,338.24940472970536
UGC09133,3.15,279.0,4.26,7.48,171.56,290.7,337.63186164815664
UGC09133,3.47,279.0,4.14,8.19,181.11,286.88,339.3641740078054
UGC09133,3.79,279.0,5.73,8.9,189.8,283.42,341.21861965607917
UGC09133,4.1,280.0,4.52,9.6,197.34,279.37,342.17368762077547
UGC09133,4.42,280.0,4.86,10.25,204.41,274.03,342.02478199686055
UGC09133,4.73,280.0,1.59,10.97,210.6,267.5,340.63022605165264
UGC09133,5.05,281.0,1.85,11.69,215.35,260.4,338.11305594430985
UGC09133,5.36,282.0,4.81,12.31,218.91,253.49,335.15713374475564
UGC09133,5.68,282.0,20.3,13.02,222.04,246.69,332.15544267706946
UGC09133,5.99,283.0,12.8,13.74,224.98,240.45,329.5769872123962
UGC09133,6.31,284.0,8.08,14.46,228.22,234.35,327.43454689449004
UGC09133,6.62,284.0,7.81,15.07,231.93,228.92,326.22537638877816
UGC09133,6.94,285.0,10.4,15.79,235.94,223.68,325.49923210354893
UGC09133,7.57,286.0,6.82,17.23,242.45,214.14,323.93643666620767
UGC09133,7.89,287.0,13.4,17.95,243.91,209.75,322.19458887448747
UGC09133,8.2,287.0,10.5,18.77,244.06,205.73,319.75370115137054
UGC09133,8.31,288.0,2.93,18.97,244.14,204.35,318.9406261359628
UGC09133,8.52,288.0,5.58,19.59,244.43,201.86,317.61179543587485
UGC09133,8.83,288.0,5.74,20.3,245.34,198.26,316.08674948501084
UGC09133,9.15,288.0,7.0,21.12,245.9,194.78,314.40755843331755
UGC09133,9.78,289.0,12.7,22.56,245.25,188.37,310.06414336391754
UGC09133,10.1,289.0,3.89,23.18,244.0,185.3,307.26113063646693
UGC09133,11.04,288.0,5.02,25.23,239.18,177.32,298.8076433092032
UGC09133,11.36,288.0,3.39,25.74,237.64,174.8,296.1255767406794
UGC09133,11.67,288.0,10.7,26.35,236.26,172.47,293.69884405628835
UGC09133,13.57,285.0,4.07,29.02,230.28,159.94,281.87203195776624
UGC09133,13.88,284.0,8.92,29.38,229.01,158.15,279.8574404942631
UGC09133,14.2,284.0,5.69,29.84,228.03,156.35,278.088886868929
UGC09133,16.61,278.0,9.14,32.61,219.86,144.57,265.14584024645757
UGC09133,19.35,273.0,6.1,35.69,212.46,133.94,253.67883494686743
UGC09133,22.19,269.0,2.26,39.89,201.82,125.08,240.76447183918143
UGC09133,24.92,265.0,1.32,44.61,194.49,118.03,231.83505580476825
UGC09133,27.66,262.0,3.15,49.22,187.22,112.03,223.66192724735248
UGC09133,30.5,257.0,4.71,51.48,179.93,106.69,215.42458401955892
UGC09133,33.23,252.0,4.96,51.89,173.14,102.21,207.64613119439522
UGC09133,35.96,247.0,2.58,50.25,166.11,98.25,199.42581853912498
UGC09133,38.8,242.0,2.52,48.3,159.33,94.59,191.48422128206806
UGC09133,41.54,238.0,2.3,47.17,153.43,91.42,184.72517478676264
UGC09133,44.27,235.0,0.63,47.68,147.95,88.55,178.89574449941506
UGC09133,47.11,236.0,1.4,49.73,142.73,85.84,173.82011218498278
UGC09133,49.84,239.0,2.07,50.56,138.21,83.46,169.18596070596402
UGC09133,52.58,242.0,2.63,49.43,133.98,81.25,164.30315821675492
UGC09133,55.42,245.0,1.64,49.12,129.96,79.14,159.8921999348311
UGC09133,58.15,247.0,1.31,50.56,126.43,77.26,156.556590726804
UGC09133,60.89,246.0,2.14,53.22,123.2,75.51,153.9882089641931
UGC09133,63.62,243.0,4.0,53.84,120.17,73.87,150.984606500133
UGC09133,66.46,239.0,4.67,53.63,117.27,72.27,147.822131969472
UGC09133,69.19,234.0,5.12,53.12,114.7,70.83,144.89552546576448
UGC09133,71.93,230.0,2.1,53.02,112.26,69.47,142.26562796403073
UGC09133,74.77,228.0,1.32,53.32,109.91,68.14,139.87955568988627
UGC09133,77.5,228.0,1.6,54.04,107.81,66.93,137.92368397052047
UGC09133,80.23,227.0,3.16,54.66,105.81,65.78,136.05322524659238
UGC09133,83.07,226.0,3.48,54.96,103.86,64.64,134.1112627634234
UGC09133,85.81,224.0,3.71,54.86,102.09,63.6,132.20040733674008
UGC09133,88.54,222.0,1.49,54.35,100.4,62.62,130.21269868949034
UGC09133,91.38,222.0,1.18,53.73,98.74,61.64,128.2029254736412
UGC09133,94.12,224.0,1.22,53.22,97.22,60.73,126.38128698505962
UGC09133,99.69,227.0,2.8,52.91,94.34,59.01,123.21397566834698
UGC09133,108.31,229.0,4.12,51.38,90.37,56.61,118.36947832950858
UGC09992,0.78,28.1,5.66,6.39,20.31,0.0,21.291505348377786
UGC09992,1.55,31.3,5.66,10.35,23.49,0.0,25.66909815322696
UGC09992,2.34,33.0,5.66,14.5,22.94,0.0,27.138415576448086
UGC09992,3.12,33.4,5.66,17.55,22.52,0.0,28.550882648352573
UGC09992,3.89,34.3,5.66,17.55,22.05,0.0,28.181642961332116
UGC10310,1.1,33.2,5.06,3.45,21.28,0.0,21.557850078335733
UGC10310,2.21,54.6,5.06,6.51,35.54,0.0,36.13131190532666
UGC10310,3.31,65.7,5.06,11.85,39.59,0.0,41.32542316782734
UGC10310,4.42,69.2,5.06,18.75,38.75,0.0,43.047938394306414
UGC10310,5.52,70.9,5.06,26.75,39.1,0.0,47.37480870673781
UGC10310,6.64,72.4,5.06,30.8,37.98,0.0,48.8990838359984
UGC10310,7.74,73.2,5.06,30.9,35.45,0.0,47.02672112746114
UGC11455,0.62,35.1,4.01,0.82,71.2,0.0,71.20472175354666
UGC11455,1.23,64.6,4.19,1.0,112.64,0.0,112.64443883299343
UGC11455,1.83,80.1,6.32,2.09,139.71,0.0,139.72563186473698
UGC11455,2.47,113.0,10.4,3.39,159.08,0.0,159.1161164055986
UGC11455,3.08,136.0,7.59,2.17,171.23,0.0,171.24374966695865
UGC11455,3.68,150.0,7.75,0.18,180.9,0.0,180.90008955221666
UGC11455,4.32,171.0,9.19,0.0,190.21,0.0,190.21
UGC11455,4.91,192.0,9.16,0.2,198.61,0.0,198.61010069983854
UGC11455,5.53,197.0,9.96,0.2,213.09,0.0,213.09009385703504
UGC11455,6.17,195.0,12.4,0.0,230.24,0.0,230.24
UGC11455,6.78,196.0,7.09,0.58,253.17,0.0,253.17066437484416
UGC11455,7.38,216.0,5.99,2.58,275.53,0.0,275.54207900064915
UGC11455,8.0,225.0,5.24,0.0,287.96,0.0,287.96
UGC11455,8.62,240.0,6.15,0.0,290.86,0.0,290.86
UGC11455,9.23,247.0,4.37,7.92,295.63,0.0,295.7360703397541
UGC11455,9.85,254.0,6.48,16.06,302.1,0.0,302.52658329475776
UGC11455,10.43,257.0,7.41,21.24,307.81,0.0,308.54194803948457
UGC11455,11.05,273.0,5.38,23.48,312.49,0.0,313.37088329964547
UGC11455,11.67,272.0,5.98,24.19,316.07,0.0,316.9943232930205
UGC11455,12.19,270.0,20.9,23.78,319.44,0.0,320.3239016995141
UGC11455,12.91,279.0,9.4,22.46,323.2,0.0,323.97946169471913
UGC11455,14.56,287.0,10.8,23.48,326.62,0.0,327.4628754530809
UGC11455,16.63,291.0,10.0,24.49,316.26,0.0,317.20679012278407
UGC11455,17.77,286.0,9.67,24.49,310.12,0.0,311.0854778031273
UGC11455,18.49,288.0,6.96,26.12,307.21,0.0,308.31840441335964
UGC11455,20.24,289.0,6.63,41.26,301.54,0.0,304.3497317232266
UGC11455,22.62,288.0,10.0,55.9,294.39,0.0,299.6502663105775
UGC11455,24.89,269.0,8.23,53.66,286.32,0.0,291.30488839015385
UGC11455,27.06,267.0,7.11,52.14,273.02,0.0,277.95413290685207
UGC11455,29.13,272.0,5.36,47.05,261.41,0.0,265.61041131702655
UGC11455,31.3,274.0,5.78,45.53,250.43,0.0,254.5351956017085
UGC11455,33.46,259.0,5.81,50.92,239.85,0.0,245.1955727577478
UGC11455,35.53,272.0,6.69,49.39,229.51,0.0,234.76416293804297
UGC11455,37.7,274.0,6.39,46.04,219.93,0.0,224.69732196891002
UGC11455,39.87,272.0,5.59,49.19,212.13,0.0,217.75856584759185
UGC11455,41.93,266.0,8.82,49.09,205.47,0.0,211.25280826535774
UGC11557,0.33,4.0,7.9,1.71,21.94,0.0,22.006537664975834
UGC11557,0.99,17.0,8.6,2.41,47.32,0.0,47.3813307115788
UGC11557,1.76,33.3,7.9,-7.34,59.39,0.0,59.84185575331033
UGC11557,2.42,44.9,10.5,-10.59,70.77,0.0,71.55795553256115
UGC11557,3.19,53.0,7.9,0.97,81.19,0.0,81.19579422605582
UGC11557,3.85,60.8,7.9,9.74,83.68,0.0,84.24494050089893
UGC11557,4.62,69.0,7.9,11.43,87.03,0.0,87.77736496386754
UGC11557,5.28,76.6,7.9,16.36,90.49,0.0,91.95699918983871
UGC11557,5.94,85.0,7.9,17.72,93.96,0.0,95.6163165992081
UGC11557,7.04,78.1,6.7,24.54,93.48,0.0,96.64741072579234
UGC11557,8.8,81.6,6.7,35.45,87.18,0.0,94.1119275118728
UGC11557,10.56,84.5,6.7,33.35,79.1,0.0,85.84306902714977
UGC11820,0.26,16.0,5.09,-0.43,8.55,0.0,8.56080603681686
UGC11820,0.44,18.9,4.44,1.29,13.84,0.0,13.899989208628904
UGC11820,0.61,25.8,3.36,1.97,18.2,0.0,18.306307656105858
UGC11820,0.79,35.8,3.79,2.55,21.35,0.0,21.501744115303765
UGC11820,1.01,44.1,7.91,3.22,24.45,0.0,24.66112122349671
UGC11820,5.26,59.65,0.98,17.11,26.68,0.0,31.69502326864582
UGC11820,7.91,69.15,1.23,28.49,24.35,0.0,37.47802822988424
UGC11820,10.52,76.95,0.54,35.7,21.4,0.0,41.62271014722612
UGC11820,13.14,81.25,0.73,35.45,18.93,0.0,40.18765233252622
UGC11820,15.82,84.45,1.31,35.37,17.02,0.0,39.25197192498741
UGC11914,0.28,168.0,49.7,0.42,42.14,211.56,215.7164564886045
UGC11914,0.37,187.0,40.2,0.61,53.98,220.85,227.35200680882497
UGC11914,0.47,204.0,26.9,0.79,66.33,227.4,236.8777173986612
UGC11914,0.56,218.0,23.5,0.96,76.79,231.5,243.90546467842825
UGC11914,0.65,232.0,8.63,1.14,86.68,234.01,249.5503999195353
UGC11914,0.75,243.0,4.97,1.31,97.06,236.69,255.82125752173138
UGC11914,0.84,253.0,3.65,1.48,105.9,240.47,262.76000704064535
UGC11914,0.93,262.0,2.86,1.66,114.28,245.03,270.37450859872126
UGC11914,1.03,269.0,3.8,1.83,123.11,249.19,277.9479755277955
UGC11914,1.12,275.0,5.39,2.0,130.64,251.82,283.6972365039885
UGC11914,1.21,280.0,5.01,2.17,137.79,253.43,288.4745359646151
UGC11914,1.3,284.0,10.0,2.33,144.6,253.93,292.2242868072399
UGC11914,1.41,287.0,6.59,2.5,152.47,253.45,295.78751393525727
UGC11914,1.5,289.0,3.56,2.66,158.56,252.44,298.1179343816806
UGC11914,1.59,290.0,6.13,2.82,164.36,251.04,300.07206401129713
UGC11914,1.68,291.0,10.2,2.97,169.88,249.18,301.59361349338946
UGC11914,1.78,292.0,8.61,3.12,175.7,246.75,302.92868286116453
UGC11914,1.87,292.0,11.2,3.26,180.66,244.32,303.8764972813791
UGC11914,1.96,291.0,5.15,3.39,185.38,241.92,304.7991517376648
UGC11914,2.05,291.0,4.92,3.5,189.88,239.71,305.82274032517597
UGC11914,2.16,291.0,9.32,3.61,195.08,237.06,307.02879685788434
UGC11914,2.25,290.0,7.19,3.7,199.1,234.93,307.9717599066512
UGC11914,2.34,290.0,12.2,3.76,202.92,232.89,308.914901065002
UGC11914,2.43,290.0,7.94,3.79,206.55,231.12,309.989872415213
UGC11914,2.46,290.0,5.16,3.79,207.71,230.63,310.3997504831471
UGC11914,2.53,290.0,3.56,3.79,210.36,229.44,311.3011521019477
UGC11914,2.62,290.0,3.79,3.8,213.61,227.9,312.381308819846
UGC11914,2.71,290.0,5.65,3.81,216.71,226.55,313.5325225554759
UGC11914,2.8,290.0,9.38,3.84,219.64,225.09,314.51865334189637
UGC11914,2.99,290.0,10.6,3.94,225.37,221.46,315.9931836290144
UGC11914,3.28,291.0,15.3,4.12,233.01,215.11,317.14814613993883
UGC11914,3.74,292.0,18.8,4.56,241.64,204.42,316.5410235656667
UGC11914,3.83,292.0,15.2,4.69,242.91,202.36,316.19113491684107
UGC11914,4.02,292.0,19.8,5.12,245.41,198.15,315.4610990280735
UGC11914,4.09,292.0,2.4,5.35,246.19,196.62,315.11515831517846
UGC11914,4.12,292.0,9.0,5.4,246.51,195.97,314.9612372975443
UGC11914,4.3,291.0,8.71,6.12,248.01,192.16,313.80229460601464
UGC11914,4.39,291.0,7.92,6.56,248.54,190.25,313.06585201838925
UGC11914,4.49,291.0,8.84,7.04,249.06,188.24,312.2735064010394
UGC11914,4.58,290.0,4.2,7.58,249.41,186.48,311.5085791755983
UGC11914,4.87,289.0,10.6,9.59,250.14,181.04,308.9295539439372
UGC11914,4.91,288.0,2.26,10.06,250.19,180.31,308.55783218061407
UGC11914,4.96,288.0,6.97,10.42,250.25,179.41,308.0934712063857
UGC11914,5.05,287.0,3.23,11.18,250.32,177.88,307.28877167901857
UGC11914,5.14,287.0,10.2,12.03,250.34,176.33,306.4426624998549
UGC11914,5.24,286.0,10.3,12.78,250.33,174.68,305.5184768553287
UGC11914,5.33,286.0,17.8,13.42,250.26,173.23,304.66177459602636
UGC11914,5.42,285.0,11.4,14.16,250.17,171.83,303.8273907994472
UGC11914,5.51,285.0,12.0,14.91,250.09,170.39,302.98526086263666
UGC11914,5.61,284.0,4.03,15.66,250.01,168.9,302.1215743703187
UGC11914,5.71,284.0,4.73,16.4,249.99,167.49,301.3583584372599
UGC11914,5.8,283.0,6.44,17.15,249.96,166.22,300.67126982802995
UGC11914,5.89,283.0,4.96,17.89,249.9,164.93,299.9532746945764
UGC11914,5.98,283.0,5.37,18.64,249.84,163.71,299.2798678494763
UGC11914,6.08,283.0,11.0,19.38,249.76,162.34,298.51284327479107
UGC11914,6.15,283.0,1.14,20.02,249.7,161.44,298.01638210004495
UGC11914,6.17,283.0,17.3,20.24,249.69,161.19,297.8875119906842
UGC11914,6.26,283.0,7.94,21.09,249.61,160.0,297.237178360985
UGC11914,6.35,283.0,18.3,21.83,249.49,158.86,296.5776603185075
UGC11914,6.73,284.0,10.5,24.6,248.66,154.26,293.654734680032
UGC11914,6.83,284.0,9.37,25.24,248.3,153.14,292.81701999713067
UGC11914,6.92,285.0,12.9,25.88,247.92,152.15,292.0337708211158
UGC11914,7.37,288.0,1.24,28.33,245.58,147.41,287.8225727770496
UGC11914,8.6,297.0,2.13,31.2,235.09,136.47,273.6143435567661
UGC11914,9.83,305.0,5.07,29.29,222.03,127.66,257.7834374043453
UGC12506,0.82,107.0,25.6,8.12,32.7,0.0,33.69309127996421
UGC12506,2.46,159.0,26.5,22.67,79.76,0.0,82.91915641153135
UGC12506,4.1,194.0,13.9,31.68,107.57,0.0,112.13798330628208
UGC12506,5.74,198.0,14.6,34.72,124.14,0.0,128.90390994845734
UGC12506,7.38,211.0,13.2,31.78,137.6,0.0,141.22226594981402
UGC12506,9.02,222.0,13.6,23.89,155.68,0.0,157.50236347433014
UGC12506,10.65,230.0,11.6,14.68,168.58,0.0,169.21796240352265
UGC12506,12.29,239.0,11.6,14.98,175.29,0.0,175.92891888487236
UGC12506,13.93,237.0,11.6,26.72,175.91,0.0,177.92775640691926
UGC12506,15.57,240.0,11.6,39.88,176.17,0.0,180.6274710557616
UGC12506,17.21,245.0,11.6,50.51,175.33,0.0,182.46059574604047
UGC12506,18.85,249.0,11.6,57.09,172.3,0.0,181.5118676560847
UGC12506,20.49,248.0,11.6,60.02,168.12,0.0,178.51256202295679
UGC12506,22.13,250.0,11.6,60.43,164.68,0.0,175.417465778069
UGC12506,23.77,255.0,11.6,58.91,161.19,0.0,171.61761040173005
UGC12506,25.41,244.0,14.9,57.29,157.33,0.0,167.436175899953
UGC12506,27.05,244.0,11.6,58.0,153.64,0.0,164.22317010702233
UGC12506,28.68,249.0,11.6,61.94,149.77,0.0,162.0728740412781
UGC12506,30.32,251.0,11.6,65.99,146.07,0.0,160.28451266419972
UGC12506,31.96,249.0,11.6,67.21,143.32,0.0,158.29657766357425
UGC12506,33.6,244.0,12.9,64.98,140.67,0.0,154.95305514897083
UGC12506,35.24,239.0,16.2,62.25,138.0,0.0,151.39043067512557
UGC12506,36.88,238.0,18.4,61.64,135.58,0.0,148.93430095179554
UGC12506,38.52,241.0,24.9,63.36,133.6,0.0,147.86294194286816
UGC12506,40.16,237.0,23.0,64.98,131.71,0.0,146.86702999652442
UGC12506,41.8,228.0,14.0,64.88,130.03,0.0,145.3176358877339
UGC12506,43.44,233.0,16.9,63.87,129.69,0.0,144.56442508445846
UGC12506,45.08,233.0,13.7,64.47,130.42,0.0,145.48456034919994
UGC12506,46.71,230.0,11.6,69.03,123.79,0.0,141.73603987694875
UGC12506,48.35,226.0,11.6,76.21,119.55,0.0,141.77505633925875
UGC12506,49.99,225.0,11.6,82.59,116.42,0.0,142.74005919853053
UGC12632,0.71,24.1,7.55,0.75,14.22,0.0,14.239764745247726
UGC12632,1.42,33.6,5.02,2.55,19.97,0.0,20.132148419878092
UGC12632,2.14,44.8,3.38,7.39,23.97,0.0,25.08332115171354
UGC12632,2.85,54.4,2.9,10.7,26.52,0.0,28.597209654090378
UGC12632,3.55,57.4,2.89,12.26,27.06,0.0,29.707763295138864
UGC12632,4.26,61.4,3.44,12.02,28.45,0.0,30.88499473854577
UGC12632,4.97,63.8,3.64,14.16,29.24,0.0,32.48820093510873
UGC12632,5.69,65.5,3.82,15.95,29.3,0.0,33.3600434651995
UGC12632,6.4,67.6,3.54,18.56,30.76,0.0,35.92563430198554
UGC12632,7.11,69.2,2.91,22.61,29.42,0.0,37.10456171416124
UGC12632,7.82,70.3,2.79,26.3,28.8,0.0,39.001666631055656
UGC12632,8.52,71.4,2.93,28.44,27.59,0.0,39.62375171535376
UGC12632,9.25,73.2,3.0,29.27,27.31,0.0,40.03209962017981
UGC12632,9.95,73.0,2.81,30.7,26.87,0.0,40.798123731367845
UGC12632,10.66,73.1,2.79,31.41,26.73,0.0,41.24416322341866
UGC12732,0.96,34.2,3.32,1.81,20.68,0.0,20.75905826380378
UGC12732,1.92,49.5,4.6,-7.24,30.32,0.0,31.172423710709438
UGC12732,2.88,59.9,4.38,-2.56,33.18,0.0,33.27861174989125
UGC12732,3.84,65.3,4.31,8.12,35.24,0.0,36.16340691914964
UGC12732,4.8,69.8,3.83,11.3,34.72,0.0,36.51257865448564
UGC12732,5.76,73.8,3.45,16.0,34.11,0.0,37.67614762684741
UGC12732,6.72,76.2,3.24,18.2,34.88,0.0,39.342780786314535
UGC12732,7.68,79.3,3.19,19.2,33.08,0.0,38.24822087365633
UGC12732,8.64,80.3,3.31,23.3,31.11,0.0,38.86800869609865
UGC12732,9.6,81.9,3.69,25.5,29.68,0.0,39.12994249931886
UGC12732,10.6,84.0,3.89,27.8,28.19,0.0,39.59186911475638
UGC12732,11.5,85.6,3.67,31.1,26.95,0.0,41.15230856221799
UGC12732,12.5,87.9,3.43,35.1,25.7,0.0,43.502873468312416
UGC12732,13.4,90.8,3.36,38.3,24.69,0.0,45.56847704279791
UGC12732,14.4,95.5,3.18,41.4,23.69,0.0,47.69880606472241
UGC12732,15.4,98.0,3.18,43.4,22.77,0.0,49.010538662618266
UGCA281,0.09,7.0,2.49,1.74,3.78,0.0,4.161249812255928
UGCA281,0.25,14.9,1.35,4.38,11.32,0.0,12.137825175870676
UGCA281,0.41,21.1,1.37,6.41,15.94,0.0,17.18056169046868
UGCA281,0.58,26.0,1.24,7.97,17.47,0.0,19.20213009017489
UGCA281,0.74,27.5,1.59,9.12,17.72,0.0,19.92919466511379
UGCA281,0.9,28.8,2.57,9.81,17.18,0.0,19.783541139037773
UGCA281,1.08,29.5,1.85,10.01,16.66,0.0,19.4359383617051
UGCA442,0.42,14.2,1.91,4.87,4.78,0.0,6.823877197019302
UGCA442,1.26,28.6,1.82,13.14,10.76,0.0,16.983438992147615
UGCA442,2.11,41.0,1.74,19.65,13.6,0.0,23.897332487120817
UGCA442,2.96,49.0,1.91,22.42,13.29,0.0,26.06301018685294
UGCA442,3.79,54.8,2.05,22.82,12.56,0.0,26.048147726853824
UGCA442,4.65,56.4,3.12,21.37,12.33,0.0,24.671963845628504
UGCA442,5.48,57.8,2.83,18.73,12.04,0.0,22.265994251324148
UGCA442,6.33,56.5,0.65,16.75,10.62,0.0,19.832975066792173
UGCA444,0.12,6.48,2.6,-0.66,2.2,0.0,2.296867431960321
UGCA444,0.19,8.6,2.65,0.47,2.24,0.0,2.2887769659798662
UGCA444,0.26,10.2,3.03,1.82,2.72,0.0,3.2727358585745967
UGCA444,0.33,11.7,3.55,3.08,2.9,0.0,4.2304136913545465
UGCA444,0.4,12.7,3.75,4.2,2.92,0.0,5.115310352266029
UGCA444,0.47,14.1,3.43,5.32,3.03,0.0,6.122360655825497
UGCA444,0.55,16.0,3.33,6.65,3.44,0.0,7.487062174177533
UGCA444,0.62,18.1,2.66,7.97,3.69,0.0,8.782767217682592
UGCA444,0.69,21.2,3.78,9.25,3.81,0.0,10.003929228058343
UGCA444,0.76,21.6,3.33,10.36,3.95,0.0,11.087474915416944
UGCA444,0.83,23.3,3.09,11.58,4.15,0.0,12.301174740649772
UGCA444,0.9,24.5,3.26,12.39,4.32,0.0,13.121528112228392
UGCA444,0.97,24.4,3.29,13.1,4.46,0.0,13.838410313327177
UGCA444,1.04,25.3,2.78,13.71,4.57,0.0,14.451608906969495
UGCA444,1.11,25.4,2.78,14.22,4.69,0.0,14.973459854021716
UGCA444,1.19,25.9,2.73,14.63,4.81,0.0,15.400422072138154
UGCA444,1.26,26.7,2.67,14.83,4.88,0.0,15.612280422795383
UGCA444,1.33,27.1,3.16,15.03,4.95,0.0,15.824139787046876
UGCA444,1.4,28.6,3.34,15.13,5.03,0.0,15.94420898006546
UGCA444,1.48,28.9,3.21,15.24,5.09,0.0,16.067535591994186
UGCA444,1.55,30.4,4.14,15.34,5.13,0.0,16.175057959710685
UGCA444,1.62,30.8,4.35,15.54,5.17,0.0,16.377438749694655
UGCA444,1.69,30.5,4.56,15.54,5.21,0.0,16.390109822694903
UGCA444,1.75,33.0,4.04,15.54,5.22,0.0,16.393291310777098
UGCA444,1.83,32.1,4.35,15.64,5.25,0.0,16.497639225052776
UGCA444,1.9,32.9,4.36,15.64,5.28,0.0,16.5072105456979
UGCA444,1.97,34.2,4.9,15.64,5.3,0.0,16.51361862221603
UGCA444,2.04,32.6,3.98,15.64,5.31,0.0,16.516830809813364
UGCA444,2.11,33.7,4.73,15.74,5.33,0.0,16.617957154837054
UGCA444,2.19,33.8,4.67,15.64,5.35,0.0,16.52973381515867
UGCA444,2.26,34.9,3.74,15.64,5.36,0.0,16.532973114355446
UGCA444,2.33,36.1,5.47,15.64,5.39,0.0,16.54272347589719
UGCA444,2.4,37.2,5.39,15.24,5.42,0.0,16.175104327329702
UGCA444,2.48,37.6,7.1,14.73,5.5,0.0,15.723323440036461
UGCA444,2.55,35.6,4.73,14.22,5.46,0.0,15.232202729743324
UGCA444,2.62,38.3,7.78,13.81,5.25,0.0,14.774254634329273
